,Unnamed: 0,smiles,FDA_APPROVED,CT_TOX,fp,cluster
187,187,c1cc(ccc1C2C[NH2+]CCc3c2cc(c(c3Cl)O)O)O,1,0,[0 0 0 ... 0 0 0],0
509,509,C[C@H](Cc1ccccc1)[NH+](C)CC#C,1,0,[0 1 0 ... 0 0 0],1
782,782,CC(Cc1ccccc1)[NH+](C)Cc2ccccc2,1,0,[0 1 0 ... 0 0 0],1
249,249,c1ccc(cc1)[C@H](c2ccc(cc2)Cl)N3CC[NH+](CC3)CCOCC(=O)[O-],1,0,[0 1 0 ... 0 0 0],2
250,250,c1ccc(cc1)[C@H]2c3ccccc3CCN2C(=O)O[C@H]4C[NH+]5CCC4CC5,1,0,[0 0 0 ... 0 0 0],2
252,252,c1ccc(cc1)C(c2ccc(cc2)Cl)N3CC[NH+](CC3)CCOCC(=O)[O-],1,0,[0 1 0 ... 0 0 0],2
253,253,c1ccc(cc1)C(c2ccc(cc2)Cl)N3CC[NH+](CC3)CCOCCO,1,0,[0 1 0 ... 0 0 0],2
254,254,c1ccc(cc1)C(c2ccccc2)([C@@H]3CC[NH+](C3)CCc4ccc5c(c4)CCO5)C(=O)N,1,0,[0 0 0 ... 0 0 0],2
255,255,c1ccc(cc1)C(c2ccccc2)(C(=O)OC3CC4CCC(C3)[N+]45CCCC5)O,1,0,[0 0 0 ... 0 0 0],2
259,259,c1ccc(cc1)C(CC[NH+]2CCCC2)(C3CCCCC3)O,1,0,[0 0 1 ... 0 0 0],2
260,260,c1ccc(cc1)C(CC[NH+]2CCCCC2)(C3CC4CC3C=C4)O,1,0,[0 0 1 ... 0 0 0],2
261,261,c1ccc(cc1)C(CC[NH+]2CCCCC2)(C3CCCC3)O,1,0,[0 0 1 ... 0 0 0],2
262,262,c1ccc(cc1)C(CC[NH+]2CCCCC2)(C3CCCCC3)O,1,0,[0 0 1 ... 0 0 0],2
263,263,c1ccc(cc1)C(CCC[NH+]2CCCCC2)(c3ccccc3)O,1,0,[0 0 1 ... 0 0 0],2
273,273,c1ccc(cc1)C2(CC[NH+](CC2)CCC(C#N)(c3ccccc3)c4ccccc4)C(=O)[O-],1,0,[0 0 0 ... 0 0 0],2
295,295,c1ccc(cc1)CN(CC2=[NH+]CCN2)c3ccccc3,1,0,[0 0 0 ... 0 0 0],2
296,296,c1ccc(cc1)CN2C3C[S+]4CCCC4C3N(C2=O)Cc5ccccc5,1,0,[1 0 0 ... 0 1 0],2
309,309,c1ccc2c(c1)[nH]c(=O)n2C3CC[NH+](CC3)CCCC(c4ccc(cc4)F)c5ccc(cc5)F,1,0,[0 1 0 ... 0 1 0],2
310,310,c1ccc2c(c1)[nH]c(=O)n2C3=CC[NH+](CC3)CCCC(=O)c4ccc(cc4)F,1,0,[0 0 0 ... 0 0 0],2
315,315,c1ccc2c(c1)c(c[nH]2)C(=O)OC3C[C@H]4CC5CC(C3)[NH+]4CC5=O,1,0,[0 0 0 ... 0 0 0],2
318,318,c1ccc2c(c1)c(ns2)N3CC[NH+](CC3)C[C@@H]4CCCC[C@H]4CN5C(=O)[C@H]6[C@@H]7CC[C@@H](C7)[C@H]6C5=O,1,0,[0 0 0 ... 0 0 1],2
319,319,c1ccc2c(c1)c(ns2)N3CC[NH+](CC3)CCc4cc5c(cc4Cl)NC(=O)C5,1,0,[0 0 0 ... 0 0 0],2
331,331,c1ccc2c(c1)CCCC2C3=[NH+]CCN3,1,0,[0 0 0 ... 0 0 0],2
340,340,c1ccn2c(c1)nn(c2=O)CCC[NH+]3CCN(CC3)c4cccc(c4)Cl,1,0,[0 0 0 ... 0 0 0],2
342,342,c1ccnc(c1)[C@H](c2ccc(cc2)Cl)OC3CC[NH+](CC3)CCCC(=O)[O-],1,0,[0 1 0 ... 0 0 0],2
384,384,C[C@@](c1ccccc1)(c2ccc(cc2)Cl)OCC[C@H]3CCC[NH+]3C,1,0,[0 0 0 ... 0 0 0],2
552,552,C[N+]1([C@@H]2CC(C[C@H]1[C@H]3[C@@H]2O3)OC(=O)C(c4cccs4)(c5cccs5)O)C,1,0,[0 0 0 ... 0 0 0],2
553,553,C[N+]1(C2CCC1CC(C2)OC(=O)C(c3ccccc3)O)C,1,0,[0 1 0 ... 0 0 0],2
556,556,C[N+]1(CCC(C1)OC(=O)C(c2ccccc2)(C3CCCC3)O)C,1,0,[0 0 0 ... 0 0 0],2
561,561,C[N+]1(CCCC(C1)OC(=O)C(c2ccccc2)(c3ccccc3)O)C,1,0,[0 0 0 ... 0 0 0],2
564,564,C[N+]1(CCN(CC1)CC(c2ccccc2)(C3CCCCC3)O)C,1,0,[0 0 1 ... 0 0 0],2
565,565,C[N+]12CCC(CC1)C(C2)OC(=O)C(c3ccccc3)(c4ccccc4)O,1,0,[0 0 0 ... 0 0 0],2
597,597,C[NH+](C)CCOC(=O)C(c1ccccc1)C2(CCCC2)O,1,0,[0 1 0 ... 0 0 0],2
604,604,C[NH+]1[C@@H]2C[C@H](C[C@H]1[C@H]3[C@@H]2O3)OC(=O)[C@H](CO)c4ccccc4,1,0,[0 1 0 ... 0 0 0],2
605,605,C[NH+]1[C@@H]2CC[C@@H]1CC(C2)OC(c3ccccc3)c4ccccc4,1,0,[0 1 0 ... 0 0 0],2
606,606,C[NH+]1[C@@H]2CC[C@H]1C[C@H](C2)OC(=O)C(CO)c3ccccc3,1,0,[0 1 0 ... 0 0 0],2
607,607,C[NH+]1C2CC(CC1C3C2O3)OC(=O)C(CO)c4ccccc4,1,0,[0 1 0 ... 0 0 0],2
624,624,C[NH+]1CCC(CC1)OC(c2ccccc2)c3ccccc3,1,0,[0 1 0 ... 0 0 0],2
627,627,C[NH+]1CCC[C@@H]1Cc2c[nH]c3c2cc(cc3)CCS(=O)(=O)c4ccccc4,1,0,[0 0 0 ... 0 0 0],2
630,630,C[NH+]1CCCC(CC1)n2c(=O)c3ccccc3c(n2)Cc4ccc(cc4)Cl,1,0,[0 0 0 ... 0 0 0],2
633,633,C[NH+]1CCN(CC1)C(c2ccccc2)c3ccccc3,1,0,[0 1 0 ... 0 0 0],2
655,655,CC#CCn1c2c(nc1N3CCC[C@H](C3)[NH3+])n(c(=O)n(c2=O)Cc4nc(c5ccccc5n4)C)C,1,0,[1 0 0 ... 0 0 0],2
686,686,CC(C)(C)c1ccc(cc1)C[NH+]2CCN(CC2)C(c3ccccc3)c4ccc(cc4)Cl,1,0,[0 1 0 ... 0 0 0],2
691,691,CC(C)(c1ccc(cc1)C(CCC[NH+]2CCC(CC2)C(c3ccccc3)(c4ccccc4)O)O)C(=O)[O-],1,0,[0 1 0 ... 0 0 0],2
708,708,CC(C)[N+]1([C@@H]2CC[C@@H]1CC(C2)OC(=O)C(CO)c3ccccc3)C,1,0,[1 1 0 ... 0 0 0],2
756,756,CC(C)COCC(CN(Cc1ccccc1)c2ccccc2)[NH+]3CCCC3,1,0,[0 1 0 ... 0 0 0],2
938,938,Cc1c(cccc1O)C(=O)N[C@@H](CSc2ccccc2)[C@@H](C[NH+]3C[C@H]4CCCC[C@H]4C[C@H]3C(=O)NC(C)(C)C)O,1,0,[0 1 0 ... 0 0 0],2
949,949,Cc1c(=O)c2cccc(c2oc1c3ccccc3)C(=O)OCC[NH+]4CCCCC4,1,0,[0 0 1 ... 0 0 0],2
950,950,CC1C(OCC[NH2+]1)c2ccccc2,1,0,[0 0 0 ... 0 0 0],2
994,994,Cc1ccc(cc1)/C(=C\C[NH+]2CCCC2)/c3ccccn3,1,0,[0 0 0 ... 0 0 0],2
1006,1006,Cc1cccc(c1)C[NH+]2CCN(CC2)C(c3ccccc3)c4ccc(cc4)Cl,1,0,[0 1 0 ... 0 0 0],2
1019,1019,Cc1ccccc1N2CC[NH+](CC2)CCc3nnc4n3CCCC4,1,0,[0 0 0 ... 0 0 0],2
1026,1026,Cc1ccsc1C(=CCC[NH+]2CCC[C@H](C2)C(=O)[O-])c3c(ccs3)C,1,0,[0 0 0 ... 0 0 0],2
1075,1075,CC[N+](C)(CC)CCOC(=O)C(c1ccccc1)(C2CCCCC2)O,1,0,[0 0 1 ... 0 0 0],2
1077,1077,CC[N+](CC)(CC)CCC(c1ccccc1)(C2CCCCC2)O,1,0,[0 0 1 ... 0 0 0],2
1082,1082,CC[NH+](CC)CC#CCOC(=O)C(c1ccccc1)(C2CCCCC2)O,1,0,[0 0 1 ... 0 0 0],2
1121,1121,CCC(=O)N(c1ccccc1)C2(CC[NH+](CC2)CCC(=O)OC)C(=O)OC,1,0,[0 0 0 ... 0 0 0],2
1122,1122,CCC(=O)N(c1ccccc1)C2(CC[NH+](CC2)CCc3cccs3)COC,1,0,[0 0 0 ... 0 0 0],2
1123,1123,CCC(=O)N(c1ccccc1)C2(CC[NH+](CC2)CCn3c(=O)n(nn3)CC)COC,1,0,[0 0 0 ... 0 0 0],2
1124,1124,CCC(=O)N(c1ccccc1)C2CC[NH+](CC2)CCc3ccccc3,1,0,[0 0 0 ... 0 0 0],2
1142,1142,CCC1(C(=O)NC(=O)CS1)c2ccccc2,1,0,[0 0 0 ... 0 0 0],2
1164,1164,CCc1nn(c(=O)n1CCOc2ccccc2)CCC[NH+]3CCN(CC3)c4cccc(c4)Cl,1,0,[0 0 0 ... 0 0 0],2
1268,1268,CCCCOc1ccc(cc1)C(=O)CC[NH+]2CCCCC2,1,0,[0 0 1 ... 0 0 0],2
1269,1269,CCCCOc1ccc(cc1)OCCC[NH+]2CCOCC2,1,0,[0 0 0 ... 0 0 0],2
1285,1285,CCN(CC)C(=O)[C@@]1(C[C@@H]1C[NH3+])c2ccccc2,1,0,[0 0 0 ... 0 0 0],2
1295,1295,CCN1C(=O)C(NC1=O)c2ccccc2,1,0,[0 0 0 ... 0 0 0],2
1297,1297,CCN1CC(C(C1=O)(c2ccccc2)c3ccccc3)CC[NH+]4CCOCC4,1,0,[0 1 0 ... 0 0 0],2
1322,1322,CCOC(=O)C1(CC[NH+](CC1)C)c2ccccc2,1,0,[0 0 0 ... 0 0 0],2
1323,1323,CCOC(=O)C1(CC[NH+](CC1)CCC(C#N)(c2ccccc2)c3ccccc3)c4ccccc4,1,0,[0 0 0 ... 0 0 0],2
1324,1324,CCOC(=O)C1(CC[NH+](CC1)CCc2ccc(cc2)N)c3ccccc3,1,0,[0 0 0 ... 0 0 0],2
1344,1344,CCOCCn1c2ccccc2nc1N3CCC[NH+](CC3)C,1,0,[0 0 0 ... 0 0 0],2
1359,1359,CN(C)C(=O)C(CC[NH+]1CCC(CC1)(c2ccc(cc2)Cl)O)(c3ccccc3)c4ccccc4,1,0,[0 0 0 ... 0 1 0],2
1403,1403,CN1CCC[NH+]=C1COC(=O)C(c2ccccc2)(C3CCCCC3)O,1,0,[0 0 1 ... 0 1 0],2
1426,1426,COC(=O)[C@H](c1ccccc1)[C@H]2CCCC[NH2+]2,1,0,[0 1 0 ... 0 0 0],2
1428,1428,COC(=O)C(c1ccccc1)C2CCCC[NH2+]2,1,0,[0 1 0 ... 0 0 0],2
1443,1443,COc1cc2c(cc1OC)C(=O)C(C2)CC3CC[NH+](CC3)Cc4ccccc4,1,0,[0 0 0 ... 0 0 0],2
81,81,C1[C@@H]([C@H]([C@@H]([C@H]([C@@H]1[NH3+])O[C@@H]2[C@@H]([C@H]([C@@H]([C@H](O2)CO)O)[NH3+])O)O)O[C@@H]3[C@@H](C[C@@H]([C@H](O3)C[NH3+])O)[NH3+])[NH3+],1,0,[0 0 0 ... 0 0 0],3
82,82,C1[C@@H]([C@H]([C@@H]([C@H]([C@@H]1NC(=O)[C@H](CC[NH3+])O)O[C@@H]2[C@@H]([C@H]([C@@H]([C@H](O2)CO)O)[NH3+])O)O)O[C@@H]3[C@@H]([C@H]([C@@H]([C@H](O3)C[NH3+])O)O)O)[NH3+],1,0,[0 1 0 ... 0 0 1],3
89,89,C1[C@H]([C@@H]([C@H]([C@@H]([C@H]1[NH3+])O[C@@H]2[C@@H]([C@H]([C@@H]([C@H](O2)C[NH3+])O)O)[NH3+])O[C@H]3[C@@H]([C@@H]([C@H](O3)CO)O[C@@H]4[C@@H]([C@H]([C@@H]([C@@H](O4)C[NH3+])O)O)[NH3+])O)O)[NH3+],1,0,[0 0 0 ... 0 0 0],3
90,90,C1[C@H]([C@@H]([C@H]([C@@H]([C@H]1[NH3+])O[C@@H]2[C@@H]([C@H]([C@@H]([C@H](O2)C[NH3+])O)O)O)O)O[C@@H]3[C@@H]([C@H]([C@@H]([C@H](O3)CO)O)[NH3+])O)[NH3+],1,0,[0 0 0 ... 0 0 0],3
91,91,C1[C@H]([C@@H]([C@H]([C@@H]([C@H]1[NH3+])O[C@@H]2[C@@H]([C@H]([C@@H]([C@H](O2)CO)O)O)[NH3+])O[C@H]3[C@@H]([C@@H]([C@H](O3)CO)O[C@@H]4[C@@H]([C@H]([C@@H]([C@@H](O4)C[NH3+])O)O)[NH3+])O)O)[NH3+],1,0,[0 0 0 ... 0 0 0],3
491,491,C[C@H](/C=C/[C@H](C)C(C)(C)O)[C@H]1CC[C@@H]\2[C@@]1(CCC/C2=C\C=C3C[C@H](C[C@@H](C3)O)O)C,1,0,[0 1 0 ... 0 0 0],4
492,492,C[C@H](/C=C/[C@H](C)C(C)C)[C@H]1CC[C@@H]\2[C@@]1(CCC/C2=C\C=C/3\C[C@H](C[C@@H](C3=C)O)O)C,1,0,[0 1 0 ... 0 0 0],4
493,493,C[C@H](/C=C/[C@H](C)C(C)C)[C@H]1CC[C@@H]\2[C@@]1(CCC/C2=C\C=C/3\C[C@H](CCC3=C)O)C,1,0,[0 1 0 ... 0 0 0],4
494,494,C[C@H](/C=C/[C@H](C1CC1)O)[C@H]2CC[C@@H]\\3[C@@]2(CCC/C3=C\\C=C/4\\C[C@H](C[C@@H](C4=C)O)O)C,1,0,[0 1 0 ... 0 0 0],4
512,512,C[C@H](CCCC(C)(C)O)[C@H]1CC[C@@H]\2[C@@]1(CCC/C2=C\C=C/3\C[C@H](C[C@@H](C3=C)O)O)C,0,1,[0 1 0 ... 0 0 0],4
513,513,C[C@H](CCCC(C)(C)O)[C@H]1CC[C@@H]\2[C@@]1(CCC/C2=C\C=C/3\C[C@H](CCC3=C)O)C,1,0,[0 1 0 ... 0 0 0],4
514,514,C[C@H](CCCC(C)C)[C@H]1CC[C@@H]\2[C@@]1(CCC/C2=C\C=C/3\C[C@H](CCC3=C)O)C,1,0,[0 1 0 ... 0 0 0],4
911,911,Cc1c(c(no1)c2c(cccc2Cl)Cl)C(=O)N[C@H]3[C@@H]4N(C3=O)[C@H](C(S4)(C)C)C(=O)[O-],1,0,[0 0 0 ... 0 0 0],5
912,912,Cc1c(c(no1)c2ccccc2)C(=O)N[C@H]3[C@@H]4N(C3=O)[C@H](C(S4)(C)C)C(=O)[O-],1,0,[0 0 0 ... 0 0 0],5
914,914,Cc1c(c(no1)c2ccccc2Cl)C(=O)N[C@H]3[C@@H]4N(C3=O)[C@H](C(S4)(C)C)C(=O)[O-],1,0,[0 0 0 ... 0 0 0],5
1063,1063,CC[C@]12CC[C@H]3[C@H]([C@@H]1CC[C@]2(C#C)O)CCC4=C/C(=N/O)/CC[C@H]34,1,0,[0 0 0 ... 0 0 0],6
1065,1065,CC[C@]12CC[C@H]3[C@H]([C@@H]1CC[C@]2(C#C)OC(=O)C)CCC4=C/C(=N/O)/CC[C@H]34,1,0,[0 0 0 ... 0 0 0],6
150,150,c1cc(c(cc1[C@H](C[NH3+])O)O)O,1,0,[0 1 0 ... 0 0 0],7
156,156,c1cc(c(cc1CC[NH3+])O)O,1,0,[0 0 0 ... 0 0 0],7
389,389,C[C@@H]([C@@H](c1ccc(c(c1)O)O)O)[NH3+],1,0,[0 1 0 ... 0 0 0],7
390,390,C[C@@H]([C@@H](c1ccc(cc1)O)O)[NH2+]CCc2ccc(cc2)O,1,0,[0 1 0 ... 0 0 0],7
391,391,C[C@@H]([C@@H](c1cccc(c1)O)O)[NH3+],1,0,[0 1 0 ... 0 0 0],7
507,507,C[C@H](Cc1ccc(c(c1)O)O)[C@@H](C)Cc2ccc(c(c2)O)O,1,0,[0 1 0 ... 0 0 0],7
508,508,C[C@H](Cc1ccc(cc1)OC)[NH2+]C[C@@H](c2ccc(c(c2)NC=O)O)O,1,0,[0 1 0 ... 0 0 0],7
646,646,C[NH2+]C[C@@H](c1ccc(c(c1)O)O)O,1,0,[0 1 0 ... 0 0 0],7
647,647,C[NH2+]C[C@@H](c1cccc(c1)O)O,1,0,[0 1 0 ... 0 0 0],7
671,671,CC(C)(C)[NH2+]C[C@@H](c1ccc(c(c1)CO)O)O,1,0,[0 1 0 ... 0 0 0],7
675,675,CC(C)(C)[NH2+]CC(c1cc(cc(c1)O)O)O,1,0,[0 1 0 ... 0 0 0],7
676,676,CC(C)(C)[NH2+]CC(c1ccc(c(c1)CO)O)O,1,0,[0 1 0 ... 0 0 0],7
677,677,CC(C)(C)[NH2+]CC(c1ccc(c(n1)CO)O)O,1,0,[0 1 0 ... 0 0 0],7
682,682,CC(C)(C)C(=O)Oc1ccc(cc1OC(=O)C(C)(C)C)C(C[NH2+]C)O,1,0,[0 1 0 ... 0 0 0],7
713,713,CC(C)[NH2+]CC(c1cc(cc(c1)O)O)O,1,0,[0 1 0 ... 0 0 0],7
714,714,CC(C)[NH2+]CC(c1ccc(c(c1)O)O)O,1,0,[0 1 0 ... 0 0 0],7
715,715,CC(C)[NH2+]CC(c1ccc(cc1)NS(=O)(=O)C)O,1,0,[0 1 0 ... 0 0 0],7
780,780,CC(Cc1ccc(cc1)OC)[NH2+]CC(c2ccc(c(c2)NC=O)O)O,1,0,[0 1 0 ... 0 0 0],7
781,781,CC(Cc1ccc2c(c1)OCO2)[NH2+]CC(c3ccc(c(c3)O)O)O,1,0,[0 1 0 ... 0 0 0],7
785,785,CC(CCc1ccc(cc1)O)[NH2+]CCc2ccc(c(c2)O)O,1,0,[0 1 0 ... 0 0 0],7
786,786,CC(CCc1ccccc1)[NH2+]CC(c2ccc(c(c2)C(=O)N)O)O,1,0,[0 1 0 ... 0 0 0],7
989,989,Cc1ccc(c(c1)[C@H](CC[NH+](C(C)C)C(C)C)c2ccccc2)O,1,0,[0 1 0 ... 0 0 0],7
1052,1052,CC[C@@H](c1cccc(c1)O)[C@@H](C)C[NH+](C)C,1,0,[0 1 0 ... 0 0 0],7
1158,1158,CCc1cc2c(cc1CC)CC(C2)[NH2+]C[C@@H](c3ccc(c4c3ccc(=O)[nH]4)O)O,1,0,[0 1 0 ... 0 0 0],7
865,865,CC1([C@@H](N2[C@H](S1)[C@@H](C2=O)/[NH+]=C/N3CCCCCC3)C(=O)[O-])C,1,0,[0 0 1 ... 0 0 0],9
866,866,CC1([C@@H](N2[C@H](S1)[C@@H](C2=O)N3C(=O)[C@H]([NH2+]C3(C)C)c4ccccc4)C(=O)[O-])C,1,0,[0 0 0 ... 0 0 0],9
867,867,CC1([C@@H](N2[C@H](S1)[C@@H](C2=O)NC(=O)[C@@H](c3ccc(cc3)O)[NH3+])C(=O)[O-])C,1,0,[0 1 0 ... 0 0 0],9
868,868,CC1([C@@H](N2[C@H](S1)[C@@H](C2=O)NC(=O)[C@@H](c3ccccc3)[NH3+])C(=O)[O-])C,1,0,[0 1 0 ... 0 0 0],9
869,869,CC1([C@@H](N2[C@H](S1)[C@@H](C2=O)NC(=O)[C@@H](c3ccccc3)NC(=O)N4CCNC4=O)C(=O)[O-])C,1,0,[0 1 0 ... 0 0 0],9
870,870,CC1([C@@H](N2[C@H](S1)[C@@H](C2=O)NC(=O)[C@@H](c3ccsc3)C(=O)[O-])C(=O)[O-])C,1,0,[0 1 0 ... 0 0 0],9
871,871,CC1([C@@H](N2[C@H](S1)[C@@H](C2=O)NC(=O)C(c3ccccc3)C(=O)[O-])C(=O)[O-])C,1,0,[0 1 0 ... 0 0 0],9
872,872,CC1([C@@H](N2[C@H](S1)[C@@H](C2=O)NC(=O)C3(CCCCC3)[NH3+])C(=O)[O-])C,1,0,[0 0 1 ... 0 0 0],9
873,873,CC1([C@@H](N2[C@H](S1)[C@@H](C2=O)NC(=O)c3c(cccc3OC)OC)C(=O)[O-])C,1,0,[0 0 0 ... 0 0 0],9
874,874,CC1([C@@H](N2[C@H](S1)[C@@H](C2=O)NC(=O)Cc3ccccc3)C(=O)[O-])C,1,0,[0 0 0 ... 0 0 0],9
875,875,CC1([C@@H](N2[C@H](S1)[C@@H](C2=O)NC(=O)COc3ccccc3)C(=O)[O-])C,1,0,[0 0 0 ... 0 0 0],9
1305,1305,CCN1CCN(C(=O)C1=O)C(=O)N[C@H](c2ccccc2)C(=O)N[C@H]3[C@@H]4N(C3=O)[C@H](C(S4)(C)C)C(=O)[O-],1,0,[0 1 0 ... 0 0 0],9
1336,1336,CCOC(=O)OC(C)OC(=O)[C@H]1C(S[C@H]2N1C(=O)[C@H]2NC(=O)[C@@H](c3ccccc3)[NH3+])(C)C,1,0,[0 1 0 ... 0 0 0],9
1341,1341,CCOc1ccc2ccccc2c1C(=O)N[C@H]3[C@@H]4N(C3=O)[C@H](C(S4)(C)C)C(=O)[O-],1,0,[0 0 0 ... 0 0 0],9
472,472,C[C@]12CC[C@H]3[C@H]([C@@H]1CC[C@]2(C#C)O)CCC4=CC(=O)CC[C@H]34,1,0,[0 0 0 ... 0 0 0],10
1062,1062,CC[C@]12CC(=C)[C@H]3[C@H]([C@@H]1CC[C@]2(C#C)O)CCC4=CC(=O)CC[C@H]34,1,0,[0 0 0 ... 0 0 0],10
1064,1064,CC[C@]12CC[C@H]3[C@H]([C@@H]1CC[C@]2(C#C)O)CCC4=CC(=O)CC[C@H]34,1,0,[0 0 0 ... 0 0 0],10
121,121,c1c(cc(c(c1S(=O)(=O)N)Cl)Cl)S(=O)(=O)N,1,0,[0 0 0 ... 0 0 0],11
192,192,c1cc(ccc1C[NH3+])S(=O)(=O)N,1,0,[0 0 0 ... 0 0 0],11
199,199,c1cc(ccc1N)S(=O)(=O)c2ccc(cc2)N,1,0,[0 0 0 ... 0 0 0],11
200,200,c1cc(ccc1N)S(=O)(=O)N,1,0,[0 0 0 ... 0 0 0],11
203,203,c1cc(ccc1NCS(=O)[O-])S(=O)(=O)c2ccc(cc2)NCS(=O)[O-],1,0,[0 0 0 ... 0 0 0],11
913,913,Cc1c(c(no1)c2ccccc2)c3ccc(cc3)S(=O)(=O)N,1,0,[0 0 0 ... 0 0 0],11
998,998,CC1=CC=C(C=C1)C2=CC(=NN2C3=CC=C(C=C3)S(=O)(=O)N)C(F)(F)F,1,1,[0 0 0 ... 0 0 0],11
1338,1338,CCOC1=CC=C(C=C1)C2=CC(=CN2C3=CC=C(C=C3)S(=O)(=O)N)C,0,1,[0 0 0 ... 0 0 0],11
687,687,CC(C)(C)c1ccc(cc1)S(=O)(=O)[N-]c2c(c(nc(n2)c3ncccn3)OCCO)Oc4ccccc4OC,1,0,[0 0 0 ... 0 0 0],12
420,420,C[C@@H]1C[C@H]2[C@@H]3C[C@@H](C4=CC(=O)C=C[C@@]4([C@]3([C@H](C[C@@]2([C@]1(C(=O)COC(=O)C(C)(C)C)O)C)O)F)C)F,1,0,[0 0 0 ... 0 0 0],13
421,421,C[C@@H]1C[C@H]2[C@@H]3C[C@@H](C4=CC(=O)C=C[C@@]4([C@]3([C@H](C[C@@]2([C@]1(C(=O)SCF)OC(=O)c5ccco5)C)O)F)C)F,1,0,[0 0 0 ... 0 0 0],13
422,422,C[C@@H]1C[C@H]2[C@@H]3C[C@@H](C4=CC(=O)C=C[C@@]4([C@]3([C@H](C[C@@]2([C@H]1C(=O)COC(=O)C(C)(C)C)C)O)Cl)C)F,1,0,[0 0 0 ... 0 0 0],13
424,424,C[C@@H]1C[C@H]2[C@@H]3CCC4=CC(=O)C=C[C@@]4([C@]3([C@H](C[C@@]2([C@]1(C(=O)CCl)OC(=O)c5ccco5)C)O)Cl)C,1,0,[0 0 0 ... 0 0 0],13
425,425,C[C@@H]1C[C@H]2[C@@H]3CCC4=CC(=O)C=C[C@@]4([C@]3([C@H](C[C@@]2([C@]1(C(=O)CO)O)C)O)F)C,1,1,[0 0 0 ... 0 0 0],13
426,426,C[C@@H]1C[C@H]2[C@@H]3CCC4=CC(=O)C=C[C@@]4([C@]3([C@H](C[C@@]2([C@]1(C(=O)COP(=O)([O-])[O-])O)C)O)F)C,1,0,[0 0 0 ... 0 0 0],13
427,427,C[C@@H]1C[C@H]2[C@@H]3CCC4=CC(=O)C=C[C@@]4([C@]3([C@H](C[C@@]2([C@H]1C(=O)CO)C)O)F)C,1,0,[0 0 0 ... 0 0 0],13
450,450,C[C@]12C[C@@H]([C@]3([C@H]([C@@H]1C[C@H]([C@@]2(C(=O)CO)O)O)CCC4=CC(=O)C=C[C@@]43C)F)O,1,0,[0 0 0 ... 0 0 0],13
531,531,C[C@H]1C[C@H]2[C@@H]3C[C@@H](C4=CC(=O)C=C[C@@]4([C@]3([C@H](C[C@@]2([C@]1(C(=O)COC(=O)C)OC(=O)C)C)O)F)C)F,1,0,[0 0 0 ... 0 0 0],13
532,532,C[C@H]1C[C@H]2[C@@H]3CC[C@@]([C@]3(C[C@@H]([C@@]2([C@@]4(C1=CC(=O)C=C4)C)F)O)C)(C(=O)C)O,1,0,[0 0 0 ... 0 0 0],13
533,533,C[C@H]1C[C@H]2[C@@H]3CC[C@@]([C@]3(C[C@@H]([C@@]2([C@@]4(C1=CC(=O)C=C4)C)F)O)C)(C(=O)C)OC(=O)C,1,0,[0 0 0 ... 0 0 0],13
537,537,C[C@H]1C[C@H]2[C@@H]3CCC4=CC(=O)C=C[C@@]4([C@]3([C@H](C[C@@]2([C@]1(C(=O)CO)O)C)O)F)C,1,0,[0 0 0 ... 0 0 0],13
538,538,C[C@H]1C[C@H]2[C@@H]3CCC4=CC(=O)C=C[C@@]4([C@]3([C@H](C[C@@]2([C@]1(C(=O)CO)OC(=O)c5ccccc5)C)O)F)C,1,0,[0 0 0 ... 0 0 0],13
539,539,C[C@H]1C[C@H]2[C@@H]3CCC4=CC(=O)C=C[C@@]4([C@]3([C@H](C[C@@]2([C@]1(C(=O)COC(=O)C)O)C)O)F)C,1,0,[0 0 0 ... 0 0 0],13
540,540,C[C@H]1C[C@H]2[C@@H]3CCC4=CC(=O)C=C[C@@]4([C@H]3C(=O)C[C@@]2([C@]1(C(=O)CO)O)C)C,1,0,[0 0 0 ... 0 0 0],13
849,849,CC(=O)OCC(=O)[C@@]12[C@@H](C[C@@H]3[C@@]1(C[C@@H]([C@]4([C@H]3CCC5=CC(=O)C=C[C@@]54C)F)O)C)OC6(O2)CCCC6,1,0,[0 0 0 ... 0 0 0],13
1127,1127,CCC(=O)O[C@@]1([C@@H](C[C@@H]2[C@@]1(C[C@@H]([C@]3([C@H]2C[C@@H](C4=CC(=O)C=C[C@@]43C)F)F)O)C)C)C(=O)SCF,1,0,[0 0 0 ... 0 0 0],13
1128,1128,CCC(=O)O[C@@]1([C@H](C[C@@H]2[C@@]1(C[C@@H]([C@]3([C@H]2CCC4=CC(=O)C=C[C@@]43C)F)O)C)C)C(=O)CCl,1,0,[0 0 0 ... 0 0 0],13
1129,1129,CCC(=O)O[C@@]1([C@H](CC2C1(CC([C@]3(C2C[C@@H](C4=CC(=O)C=CC43C)F)F)O)C)C)C(=O)CCl,1,0,[0 0 0 ... 0 0 0],13
1135,1135,CCC(=O)OCC(=O)[C@]1([C@@H](C[C@@H]2[C@@]1(C[C@@H]([C@H]3[C@H]2[C@@H](CC4=CC(=O)C=C[C@]34C)Cl)O)C)C)OC(=O)CC,1,0,[0 0 0 ... 0 0 0],13
1136,1136,CCC(=O)OCC(=O)[C@]1([C@H](C[C@@H]2[C@@]1(C[C@@H]([C@]3([C@H]2CCC4=CC(=O)C=C[C@@]43C)Cl)O)C)C)OC(=O)CC,1,0,[0 0 0 ... 0 0 0],13
1191,1191,CCCC(=O)O[C@@]1(CC[C@@H]2[C@@]1(C[C@@H]([C@]3([C@H]2C[C@@H](C4=CC(=O)C=C[C@@]43C)F)F)O)C)C(=O)COC(=O)C,1,0,[0 0 0 ... 0 0 0],13
1212,1212,CCCCC(=O)O[C@@]1([C@H](C[C@@H]2[C@@]1(C[C@@H]([C@]3([C@H]2CCC4=CC(=O)C=C[C@@]43C)F)O)C)C)C(=O)CO,1,0,[0 0 0 ... 0 0 0],13
307,307,C1CCC2(CC1)OCC(O2)C[NH+]=C(N)N,1,0,[0 0 1 ... 0 0 0],14
948,948,Cc1c(noc1N(C(=O)C)S(=O)(=O)c2ccc(cc2)N)C,1,0,[0 0 0 ... 0 0 0],15
454,454,C[C@]12C[C@@H]([C@H]3[C@H]([C@@H]1CC[C@@]2(C(=O)CO)O)CCC4=CC(=O)C=C[C@]34C)O,1,1,[0 0 0 ... 0 0 0],17
455,455,C[C@]12C[C@@H]([C@H]3[C@H]([C@@H]1CC[C@@]2(C(=O)COC(=O)CC(C)(C)C)O)CCC4=CC(=O)C=C[C@]34C)O,1,0,[0 0 0 ... 0 0 0],17
456,456,C[C@]12CC(=O)[C@H]3[C@H]([C@@H]1CC[C@@]2(C(=O)CO)O)CCC4=CC(=O)C=C[C@]34C,1,1,[0 0 0 ... 0 0 0],17
460,460,C[C@]12CC[C@@H]3c4ccc(cc4CC[C@H]3[C@@H]1CC[C@]2(C#C)O)O,1,0,[0 0 0 ... 0 0 0],17
461,461,C[C@]12CC[C@@H]3c4ccc(cc4CC[C@H]3[C@@H]1CC[C@]2(C#C)O)OC,1,0,[0 0 0 ... 0 0 0],17
462,462,C[C@]12CC[C@@H]3c4ccc(cc4CC[C@H]3[C@@H]1CC[C@]2(C#C)O)OC5CCCC5,1,0,[0 0 0 ... 0 0 0],17
469,469,C[C@]12CC[C@H]3[C@H]([C@@H]1CC[C@@H]2O)CCC4=CC(=O)CC[C@]34C,1,0,[0 0 0 ... 0 0 0],17
470,470,C[C@]12CC[C@H]3[C@H]([C@@H]1CC[C@@H]2OC(=O)CCc4ccccc4)CCC5=CC(=O)CC[C@H]35,1,0,[0 0 0 ... 0 0 0],17
471,471,C[C@]12CC[C@H]3[C@H]([C@@H]1CC[C@]2(C#C)O)CCC4=C3CCC(=O)C4,1,0,[0 0 0 ... 0 0 0],17
473,473,C[C@]12CC[C@H]3[C@H]([C@@H]1CC[C@]2(C#C)O)CCC4=Cc5c(cno5)C[C@]34C,1,0,[0 0 0 ... 0 0 0],17
477,477,C[C@]12CC[C@H]3[C@H]([C@@H]1CCC(=O)O2)CCC4=CC(=O)C=C[C@]34C,1,0,[0 0 0 ... 0 0 0],17
478,478,C[C@]12CC[C@H]3[C@H]([C@@H]1CCC2=O)CC(=C)C4=CC(=O)C=C[C@]34C,1,0,[0 0 0 ... 0 0 0],17
479,479,C[C@]12CCC(=O)C=C1[C@@H]3C[C@@H]3[C@@H]4[C@@H]2CC[C@]5([C@H]4[C@@H]6C[C@@H]6[C@@]57CCC(=O)O7)C,1,0,[0 0 0 ... 0 0 0],17
481,481,C[C@]12CCC(=O)C=C1C[C@H]([C@@H]3[C@]24[C@H](O4)C[C@]5([C@H]3CC[C@@]56CCC(=O)O6)C)C(=O)OC,1,0,[0 0 0 ... 0 0 0],17
483,483,C[C@]12CCC(=O)C=C1CC[C@@H]3[C@@]2([C@H](C[C@]4([C@H]3CC[C@]4(C)O)C)O)F,1,0,[0 0 0 ... 0 0 0],17
484,484,C[C@]12CCC(=O)C=C1CC[C@@H]3[C@@H]2[C@H](C[C@]4([C@H]3CC[C@@]4(C(=O)CO)O)C)O,1,1,[0 0 0 ... 0 0 0],17
485,485,C[C@]12CCC(=O)C=C1CC[C@@H]3[C@@H]2[C@H](C[C@]4([C@H]3CC[C@@]4(C(=O)COC(=O)CCC(=O)[O-])O)C)O,1,0,[0 0 0 ... 0 0 0],17
486,486,C[C@]12CCC(=O)C=C1CC[C@@H]3[C@@H]2[C@H](C[C@]4([C@H]3CC[C@@]4(C(=O)COC(=O)CCC5CCCC5)O)C)O,1,0,[0 0 0 ... 0 0 0],17
487,487,C[C@]12CCC(=O)C=C1CC[C@@H]3[C@@H]2[C@H](C[C@]4([C@H]3CC[C@@]4(C(=O)COP(=O)([O-])[O-])O)C)O,1,0,[0 0 0 ... 0 0 0],17
488,488,C[C@]12CCC(=O)C=C1CC[C@@H]3[C@@H]2CC[C@]4([C@H]3CC[C@]4(C)O)C,1,0,[0 0 0 ... 0 0 0],17
489,489,C[C@]12CCC3=C4CCC(=O)C=C4CC[C@H]3[C@@H]1CC[C@]2(CC#N)O,1,0,[0 0 0 ... 0 0 0],17
530,530,C[C@H]1C[C@@H]2[C@H](CC[C@]3([C@H]2CC[C@@]3(C(=O)C)OC(=O)C)C)[C@@]4(C1=CC(=O)CC4)C,1,0,[0 0 0 ... 0 0 0],17
535,535,C[C@H]1C[C@H]2[C@@H]3CC[C@@]([C@]3(C[C@@H]([C@@H]2[C@@]4(C1=CC(=O)C=C4)C)O)C)(C(=O)COC(=O)CCC(=O)[O-])O,1,0,[0 0 0 ... 0 0 0],17
536,536,C[C@H]1C[C@H]2[C@@H]3CC[C@@H]([C@]3(C[C@@H]([C@@H]2[C@@]4(C1=CC(=O)CC4)C)O)C)C(=O)C,1,0,[0 0 0 ... 0 0 0],17
653,653,CC#C[C@@]1(CC[C@@H]2[C@@]1(C[C@@H](C3=C4CCC(=O)C=C4CC[C@@H]23)c5ccc(cc5)N(C)C)C)O,1,0,[0 0 0 ... 0 0 0],17
797,797,CC(=O)[C@]1(CC[C@@H]2[C@@]1(C[C@@H](C3=C4CCC(=O)C=C4CC[C@@H]23)c5ccc(cc5)N(C)C)C)OC(=O)C,1,0,[0 0 0 ... 0 0 0],17
798,798,CC(=O)[C@H]1CC[C@@H]2[C@@]1(CC[C@@H]3[C@H]2C=CC4=CC(=O)CC[C@@]34C)C,1,0,[0 0 0 ... 0 0 0],17
799,799,CC(=O)[C@H]1CC[C@@H]2[C@@]1(CC[C@H]3[C@H]2CCC4=CC(=O)CC[C@]34C)C,1,0,[0 0 0 ... 0 0 0],17
833,833,CC(=O)O[C@]1(CC[C@@H]2[C@@]1(CC[C@H]3[C@H]2CCC4=CC(=O)CC[C@H]34)C)C#C,1,0,[0 0 0 ... 0 0 0],17
841,841,CC(=O)O[C@H]1CC[C@@H]2[C@H]3CC[C@]4([C@H]([C@@H]3CCC2=C1)CC[C@]4(C#C)OC(=O)C)C,1,0,[0 0 0 ... 0 0 0],17
850,850,CC(=O)OCC(=O)[C@]1(CC[C@@H]2[C@@]1(C[C@@H]([C@]3([C@H]2CCC4=CC(=O)CC[C@@]43C)F)O)C)O,1,0,[0 0 0 ... 0 0 0],17
851,851,CC(=O)OCC(=O)[C@]1(CC[C@@H]2[C@@]1(C[C@@H]([C@H]3[C@H]2CCC4=CC(=O)CC[C@]34C)O)C)O,1,0,[0 0 0 ... 0 0 0],17
852,852,CC(=O)OCC(=O)[C@]1(CC[C@@H]2[C@@]1(CC(=O)[C@H]3[C@H]2CCC4=CC(=O)CC[C@]34C)C)O,1,0,[0 0 0 ... 0 0 0],17
853,853,CC(=O)OCC(=O)[C@H]1CC[C@@H]2[C@@]1(CC[C@H]3[C@H]2CCC4=CC(=O)CC[C@]34C)C,1,0,[0 0 0 ... 0 0 0],17
859,859,CC(=O)S[C@@H]1CC2=CC(=O)CC[C@@]2([C@@H]3[C@@H]1[C@@H]4CC[C@]5([C@]4(CC3)C)CCC(=O)O5)C,1,0,[0 0 0 ... 0 0 0],17
889,889,CC12CCC3C(C1CCC2C(=O)COC(=O)C(C)(C)C)CCC4=CC(=O)CCC34C,1,0,[0 0 0 ... 0 0 0],17
1084,1084,CC[NH+](CC)CC(=O)OCC(=O)[C@]1(CC[C@@H]2[C@@]1(C[C@@H]([C@H]3[C@H]2CCC4=CC(=O)CC[C@]34C)O)C)O,1,0,[0 0 0 ... 0 0 0],17
1133,1133,CCC(=O)O[C@H]1CC[C@@H]2[C@@]1(CC[C@H]3[C@H]2CCC4=CC(=O)CC[C@]34C)C,1,0,[0 0 0 ... 0 0 0],17
1137,1137,CCC(=O)OCC(=O)[C@]1(CC[C@@H]2[C@@]1(C[C@@H]([C@H]3[C@H]2CCC4=CC(=O)C=C[C@]34C)O)C)OC(=O)OCC,1,0,[0 0 0 ... 0 0 0],17
1192,1192,CCCC(=O)O[C@@]1(CC[C@@H]2[C@@]1(C[C@@H]([C@H]3[C@H]2CCC4=CC(=O)CC[C@]34C)O)C)C(=O)CO,1,0,[0 0 0 ... 0 0 0],17
1193,1193,CCCC(=O)O[C@@]1(CC[C@@H]2[C@@]1(C[C@@H]([C@H]3[C@H]2CCC4=CC(=O)CC[C@]34C)O)C)C(=O)COC(=O)CC,1,0,[0 0 0 ... 0 0 0],17
1213,1213,CCCCC(=O)O[C@@]1(CC[C@@H]2[C@@]1(C[C@@H]([C@H]3[C@H]2CCC4=CC(=O)CC[C@]34C)O)C)C(=O)CO,1,0,[0 0 0 ... 0 0 0],17
1214,1214,CCCCC(=O)O[C@H]1CC[C@@H]2[C@@]1(CC[C@H]3[C@H]2CCc4c3ccc(c4)O)C,1,0,[0 0 0 ... 0 0 0],17
1226,1226,CCCCCC(=O)O[C@@]1(CC[C@@H]2[C@@]1(CC[C@H]3[C@H]2CCC4=CC(=O)CC[C@]34C)C)C(=O)C,1,0,[0 0 0 ... 0 0 0],17
1229,1229,CCCCCCC(=O)O[C@H]1CC[C@@H]2[C@@]1(CC[C@H]3[C@H]2CCC4=CC(=O)CC[C@]34C)C,1,0,[0 0 0 ... 0 0 0],17
1238,1238,CCCCCCCCCC(=O)O[C@H]1CC[C@@H]2[C@@]1(CC[C@H]3[C@H]2CCC4=CC(=O)CC[C@H]34)C,1,0,[0 0 0 ... 0 0 0],17
1335,1335,CCOC(=O)O[C@@]1(CC[C@@H]2[C@@]1(C[C@@H]([C@H]3[C@H]2CCC4=CC(=O)C=C[C@]34C)O)C)C(=O)OCCl,1,0,[0 0 0 ... 0 0 0],17
673,673,CC(C)(C)[NH2+]C[C@@H](COc1cccc2c1CCCC2=O)O,1,0,[0 1 1 ... 0 0 0],22
674,674,CC(C)(C)[NH2+]C[C@@H](COc1ccccc1C2CCCC2)O,1,0,[0 1 0 ... 0 0 0],22
678,678,CC(C)(C)[NH2+]CC(COc1cccc2c1C[C@@H]([C@@H](C2)O)O)O,1,0,[0 1 0 ... 0 0 0],22
679,679,CC(C)(C)[NH2+]CC(COc1cccc2c1CCC(=O)N2)O,1,0,[0 1 0 ... 0 0 0],22
601,601,C[NH+](CC#C)Cc1ccccc1,1,0,[0 0 0 ... 0 0 0],24
961,961,CC1=C[C@@H]2[C@H](CC[C@]3([C@H]2CC[C@@]3(C(=O)C)OC(=O)C)C)[C@@]4(C1=CC(=O)CC4)C,1,0,[0 0 0 ... 0 0 0],25
