,Unnamed: 0,CMPD_CHEMBLID,exp,smiles,drug_like,target_actual,fp,cluster
21,21,CHEMBL2036736,1.92,Clc1ccc(cc1)C(=O)Nc2oc(nn2)C(=O)Nc3ccc(cc3)N4CCOCC4,1,1,[0 0 0 ... 0 0 0],0
306,306,CHEMBL2036739,3.72,Clc1ccc(cc1)C2(CCCC2)C(=O)Nc3oc(nn3)C(=O)Nc4ccc(cc4)N5CCOCC5,1,1,[0 0 0 ... 0 0 0],0
324,324,CHEMBL387545,3.3,COc1cc(N2CCN(C)CC2)c3nc(cc(N(C)C)c3c1)C(=O)Nc4ccc(cc4)N5CCOCC5,1,1,[0 0 0 ... 0 0 0],0
345,345,CHEMBL225363,2.7,CN1CCN(CC1)c2cc(F)cc3C(=O)C=C(Nc23)C(=O)Nc4ccc(cc4)N5CCOCC5,1,1,[0 0 0 ... 0 0 0],0
467,467,CHEMBL376813,2.7,COc1cc(N2CC[C@H](C2)N(C)C)c3NC(=CC(=O)c3c1)C(=O)Nc4ccc(cc4)N5CCOCC5,1,1,[0 0 0 ... 0 0 0],0
477,477,CHEMBL605785,2.98,COC1(CCOCC1)c2ccc(NC(=O)C3=CC(=O)c4cc(F)cc(c4O3)c5c(C)nn(C)c5C)cn2,1,1,[0 0 0 ... 0 0 0],0
603,603,CHEMBL2036594,2.8,COc1cccc(Nc2oc(nn2)C(=O)Nc3ccc(nc3)N4CCOCC4)c1,1,1,[0 0 0 ... 0 0 0],0
964,964,CHEMBL2036737,2.96,CC(C)(C(=O)Nc1oc(nn1)C(=O)Nc2ccc(cc2)N3CCOCC3)c4ccc(Cl)cc4,1,1,[0 0 0 ... 0 0 0],0
1306,1306,CHEMBL2036595,3.6,CCOc1cccc(Nc2oc(nn2)C(=O)Nc3ccc(nc3)N4CCOCC4)c1,1,1,[0 0 0 ... 0 0 0],0
1378,1378,CHEMBL2036738,3.2,Clc1ccc(cc1)C2(CCC2)C(=O)Nc3oc(nn3)C(=O)Nc4ccc(cc4)N5CCOCC5,1,1,[0 0 0 ... 0 0 0],0
1588,1588,CHEMBL2036747,1.02,O=C(Nc1oc(nn1)C(=O)Nc2ccc(cc2)N3CCOCC3)c4ccccc4,1,1,[0 0 0 ... 0 0 0],0
1823,1823,CHEMBL224195,2.1,COc1cc(N2CCCN(C)CC2)c3NC(=CC(=O)c3c1)C(=O)Nc4ccc(cc4)N5CCOCC5,1,1,[0 0 0 ... 0 0 0],0
1829,1829,CHEMBL2036567,3.05,Fc1ccccc1Nc2oc(nn2)C(=O)Nc3ccc(cc3)N4CCOCC4,1,1,[0 0 0 ... 0 0 0],0
1983,1983,CHEMBL2036590,2.9,Fc1ccc(Nc2oc(nn2)C(=O)Nc3ccc(nc3)N4CCOCC4)cc1F,1,1,[0 0 0 ... 0 0 0],0
2000,2000,CHEMBL2036589,3.0,Fc1ccc(Nc2oc(nn2)C(=O)Nc3ccc(nc3)N4CCOCC4)cc1,1,1,[0 0 0 ... 0 0 0],0
2684,2684,CHEMBL2036581,3.2,COc1ccc(NC(=O)c2oc(Nc3ccccc3F)nn2)cn1,1,1,[0 0 0 ... 0 0 0],0
2946,2946,CHEMBL1938680,2.4,Clc1ccc(cc1)c2oc(cc2)C(=O)Nc3ccc(cc3)N4CCNCC4,1,1,[0 0 0 ... 0 0 0],0
2982,2982,CHEMBL2036577,2.51,CC(=O)N1CCN(CC1)c2ccc(NC(=O)c3oc(Nc4ccccc4F)nn3)cc2,1,1,[0 0 0 ... 0 0 0],0
3076,3076,CHEMBL2036568,3.6,Fc1ccccc1Nc2oc(nn2)C(=O)Nc3ccc(N4CCOCC4)c(F)c3,1,1,[0 0 0 ... 0 0 0],0
3138,3138,CHEMBL2036732,3.3,O=C(Nc1ccc(nc1)N2CCOCC2)c3oc(Nc4cccc(OCc5cccnc5)c4)nn3,1,1,[0 0 0 ... 0 0 0],0
3221,3221,CHEMBL2036743,1.5,OC(=O)Cc1ccc(cc1)c2ccc(NC(=O)c3oc(Nc4ccccc4F)nn3)cc2,1,1,[0 0 0 ... 0 0 0],0
3247,3247,CHEMBL224399,2.7,COc1cc(N2CCN(C)CC2)c3NC(=CC(=O)c3c1)C(=O)Nc4ccc(cc4)N5CCOCC5,1,1,[0 0 0 ... 0 0 0],0
3336,3336,CHEMBL2036587,2.9,O=C(Nc1ccc(nc1)N2CCOCC2)c3oc(Nc4ccccc4)nn3,1,1,[0 0 0 ... 0 0 0],0
3539,3539,CHEMBL2036731,3.1,O=C(Nc1ccc(nc1)N2CCOCC2)c3oc(Nc4cccc(OCc5ccccn5)c4)nn3,1,1,[0 0 0 ... 0 0 0],0
3554,3554,CHEMBL225364,2.93,CNc1cc(nc2c(cc(OC)cc12)N3CCN(C)CC3)C(=O)Nc4ccc(cc4)N5CCOCC5,1,1,[0 0 0 ... 0 0 0],0
3735,3735,CHEMBL2036572,2.4,Fc1ccccc1Nc2oc(nn2)C(=O)Nc3ccc(cn3)N4CCOCC4,1,1,[0 0 0 ... 0 0 0],0
3799,3799,CHEMBL2036746,3.15,O=C(Nc1ccc(cc1)N2CCOCC2)c3oc(Nc4ccccc4)nn3,1,1,[0 0 0 ... 0 0 0],0
3847,3847,CHEMBL2036745,2.48,OC(=O)C[C@@H]1CC[C@H](CC1)c2ccc(NC(=O)c3oc(Nc4ccccc4F)nn3)cc2,1,1,[0 0 0 ... 0 0 0],0
3966,3966,CHEMBL224267,3.85,COc1cc(nc2c(cc(F)cc12)N3CCN(C)CC3)C(=O)Nc4ccc(cc4)N5CCOCC5,1,1,[0 0 0 ... 0 0 0],0
4022,4022,CHEMBL2036584,3.1,Fc1ccccc1Nc2oc(nn2)C(=O)Nc3ccc(Oc4cccnc4)nc3,1,1,[0 0 0 ... 0 0 0],0
4085,4085,CHEMBL2036569,4.0,Cc1cc(NC(=O)c2oc(Nc3ccccc3F)nn2)ccc1N4CCOCC4,1,1,[0 0 0 ... 0 0 0],0
4091,4091,CHEMBL2036588,3.2,Fc1cccc(Nc2oc(nn2)C(=O)Nc3ccc(nc3)N4CCOCC4)c1,1,1,[0 0 0 ... 0 0 0],0
4190,4190,CHEMBL2036733,3.42,Cc1cccc(Nc2oc(nn2)C(=O)Nc3ccc(nc3)N4CCOCC4)c1,1,1,[0 0 0 ... 0 0 0],0
1860,1860,CHEMBL264961,1.99,CNC(=O)c1ccc(CN2CCC(CC2)c3ccc(cc3)C(=O)Nc4ccccc4N)cc1,1,1,[0 0 0 ... 0 0 0],1
3432,3432,CHEMBL260200,1.53,CN(C)C(=O)c1ccc(CN2CCC(CC2)c3ccc(cc3)C(=O)Nc4ccccc4N)cc1,1,1,[0 0 0 ... 0 0 0],1
3862,3862,CHEMBL412083,2.24,CCNC(=O)c1ccc(CN2CCC(CC2)c3ccc(cc3)C(=O)Nc4ccccc4N)cc1,1,1,[0 0 0 ... 0 0 0],1
62,62,CHEMBL453862,2.77,CC(C)n1c(C)ncc1c2nc(Nc3ccc(cc3)C(=O)N(C)C)ncc2F,1,1,[0 1 0 ... 0 0 0],2
1384,1384,CHEMBL1614709,2.9,CN1CCN(CC1)c2ccc(Nc3ncc(F)c(N[C@@H]4[C@@H]5C[C@@H](C=C5)[C@@H]4C(=O)N)n3)cc2C,1,1,[0 0 0 ... 0 0 0],2
1386,1386,CHEMBL476577,2.76,CC(C)n1c(C)ncc1c2nc(Nc3ccc(cc3)N4CC(C4)NC(=O)C)ncc2F,1,1,[0 1 0 ... 0 0 0],2
1462,1462,CHEMBL515001,3.01,CC(C)n1c(C)ncc1c2nc(Nc3ccc(cc3)N4CCOCC4)ncc2F,1,1,[0 1 0 ... 0 0 0],2
1546,1546,CHEMBL509881,2.7,CC(C)n1c(C)ncc1c2nc(Nc3ccc(cc3)C(=O)N)ncc2F,1,1,[0 1 0 ... 0 0 0],2
1726,1726,CHEMBL462385,2.26,CC(C)n1c(C)ncc1c2nc(Nc3ccc(C(=O)NCCN(C)C)c(F)c3)ncc2F,1,1,[0 1 0 ... 0 0 0],2
2208,2208,CHEMBL476993,2.19,CC(C)n1c(C)ncc1c2nc(Nc3ccc(cc3)N4CCN(CC4)C(=O)CO)ncc2F,1,1,[0 1 0 ... 0 0 0],2
2397,2397,CHEMBL507722,2.13,CC(C)n1c(C)ncc1c2nc(Nc3ccc(cc3)C(=O)NC4CCN(C)CC4)ncc2F,1,1,[0 1 0 ... 0 0 0],2
2683,2683,CHEMBL460102,2.16,CC(C)n1c(C)ncc1c2nc(Nc3ccc(cc3)C(=O)N4CC[C@@H](C4)N(C)C)ncc2F,1,1,[0 1 0 ... 0 0 0],2
2760,2760,CHEMBL455651,3.31,CNC(=O)c1ccc(Nc2ncc(F)c(n2)c3cnc(C)n3C(C)C)cc1F,1,1,[0 1 0 ... 0 0 0],2
2825,2825,CHEMBL460103,2.36,CC(C)n1c(C)ncc1c2nc(Nc3ccc(cc3)C(=O)N4CC[C@H](C4)N(C)C)ncc2F,1,1,[0 1 0 ... 0 0 0],2
2938,2938,CHEMBL508739,2.86,CC(C)n1c(C)ncc1c2nc(Nc3ccc(C(=O)N(C)C)c(C)c3)ncc2F,1,1,[0 1 0 ... 0 0 0],2
3132,3132,CHEMBL454648,3.14,CC(C)n1c(C)ncc1c2nc(Nc3ccc(C(=O)N(C)C)c(F)c3)ncc2F,1,1,[0 1 0 ... 0 0 0],2
3210,3210,CHEMBL509406,2.41,CC(C)n1c(C)ncc1c2nc(Nc3ccc(C(=O)NC4CCN(C)CC4)c(F)c3)ncc2F,1,1,[0 1 0 ... 0 0 0],2
3212,3212,CHEMBL462192,2.02,CC(C)n1c(C)ncc1c2nc(Nc3ccc(cc3)C(=O)N4CCCN(C)CC4)ncc2F,1,1,[0 1 0 ... 0 0 0],2
3275,3275,CHEMBL476578,3.3,CC(C)n1c(C)ncc1c2nc(Nc3ccc(cc3)N4CC[C@H](C4)NC(=O)C)ncc2F,1,1,[0 1 0 ... 0 0 0],2
3421,3421,CHEMBL453655,3.0,CNC(=O)c1ccc(Nc2ncc(F)c(n2)c3cnc(C)n3C(C)C)cc1,1,1,[0 1 0 ... 0 0 0],2
3685,3685,CHEMBL455429,3.14,CC(C)n1c(C)ncc1c2nc(Nc3ccc(C(=O)N)c(F)c3)ncc2F,1,1,[0 1 0 ... 0 0 0],2
3930,3930,CHEMBL451462,2.49,CC(C)n1c(C)ncc1c2nc(Nc3ccc(cc3)C(=O)N4CCN(C)CC4)ncc2F,1,1,[0 1 0 ... 0 0 0],2
38,38,CHEMBL1235773,2.55,COc1ccc2ncc(C#N)c(CCN3CCC(CC3)NCc4cc5SCOc5cn4)c2c1,1,1,[0 0 0 ... 0 0 0],3
254,254,CHEMBL1916532,1.46,COc1ccc2ncc(F)c(CCN3CCC(CC3)NCc4cc5OCCOc5cn4)c2n1,1,1,[0 0 0 ... 0 0 0],3
330,330,CHEMBL2164745,0.78,COc1ccc2N=CC(=O)N(CCN3CC[C@@H](NCc4cc5OCCOc5cn4)[C@@H](O)C3)c2c1,1,1,[0 0 0 ... 0 0 0],3
423,423,CHEMBL1914480,0.83,COc1ccc2N=CC(=O)N(CCN3CCC(CC3)NCc4cc5OCCOc5cn4)c2n1,1,1,[0 0 0 ... 0 0 0],3
866,866,CHEMBL2164744,0.77,COc1ccc2N=CC(=O)N(CCN3CC[C@H](NCc4cc5OCCOc5cn4)[C@H](O)C3)c2c1,1,1,[0 0 0 ... 0 0 0],3
1079,1079,CHEMBL2165054,0.63,CO[C@H]1CN(CCN2C(=O)C=Cc3ccc(cc23)C#N)CC[C@H]1NCc4cc5OCCOc5cn4,1,1,[0 0 0 ... 0 0 0],3
1269,1269,CHEMBL1916543,0.2,COc1ncc2C=CC(=O)N(CCN3CCC(CC3)NCc4cc5OCCOc5cn4)c2n1,1,1,[0 0 0 ... 0 0 0],3
1562,1562,CHEMBL1916539,1.31,COc1ccc2C=CC(=O)N(CCN3CCC(CC3)NCc4cc5OCCOc5cn4)c2c1,1,1,[0 0 0 ... 0 0 0],3
1617,1617,CHEMBL1916534,1.24,COc1ccc2OCC(=O)N(CCN3CCC(CC3)NCc4cc5OCCOc5cn4)c2c1,1,1,[0 0 0 ... 0 0 0],3
1808,1808,CHEMBL1916544,-0.14,COc1ncc2N=CC(=O)N(CCN3CCC(CC3)NCc4cc5OCCOc5cn4)c2n1,1,1,[0 0 0 ... 0 0 0],3
2069,2069,CHEMBL1916541,0.29,COc1ccc2C(=NC(=O)N(CCN3CCC(CC3)NCc4cc5OCCOc5cn4)c2c1)C,1,1,[0 0 0 ... 0 0 0],3
2390,2390,CHEMBL2164748,0.9,COc1ccc2N=CC(=O)N(CCN3CC[C@@H](NCc4cc5OCCOc5cn4)[C@H](O)C3)c2c1,1,1,[0 0 0 ... 0 0 0],3
2639,2639,CHEMBL2164741,0.45,O[C@H]1CN(CCN2C(=O)C=Cc3ccc(cc23)C#N)CC[C@H]1NCc4cc5OCCOc5cn4,1,1,[0 0 0 ... 0 0 0],3
2730,2730,CHEMBL1916546,0.68,COc1cc2N(CCN3CCC(CC3)NCc4cc5OCCOc5cn4)C(=O)C=Cc2cn1,1,1,[0 0 0 ... 0 0 0],3
2745,2745,CHEMBL1916540,1.72,COc1ccc2C(=CC(=O)N(CCN3CCC(CC3)NCc4cc5OCCOc5cn4)c2c1)C,1,1,[0 0 0 ... 0 0 0],3
2942,2942,CHEMBL2165060,1.25,CO[C@H]1CN(CCN2C(=O)C=Nc3ccc(OC)cc23)CC[C@@H]1NCc4cc5OCCOc5cn4,1,1,[0 0 0 ... 0 0 0],3
3034,3034,CHEMBL1916536,1.78,COc1ccc2SCC(=O)N(CCN3CCC(CC3)NCc4cc5OCCOc5cn4)c2c1,1,1,[0 0 0 ... 0 0 0],3
3163,3163,CHEMBL2165058,1.05,CO[C@H]1CN(CCN2C(=O)C=Cc3ccc(cc23)C#N)CC[C@@H]1NCc4cc5OCCOc5cn4,1,1,[0 0 0 ... 0 0 0],3
3437,3437,CHEMBL1916535,1.04,O=C1COc2ccccc2N1CCN3CCC(CC3)NCc4cc5OCCOc5cn4,1,1,[0 0 0 ... 0 0 0],3
3770,3770,CHEMBL1916542,0.93,COc1ccc2N=CC(=O)N(CCN3CCC(CC3)NCc4cc5OCCOc5cn4)c2c1,1,1,[0 0 0 ... 0 0 0],3
3820,3820,CHEMBL1916545,1.16,COc1ccc2C=CC(=O)N(CCN3CCC(CC3)NCc4cc5OCCOc5cn4)c2n1,1,1,[0 0 0 ... 0 0 0],3
3906,3906,CHEMBL2164740,0.46,O[C@@H]1CN(CCN2C(=O)C=Cc3ccc(cc23)C#N)CC[C@@H]1NCc4cc5OCCOc5cn4,1,1,[0 0 0 ... 0 0 0],3
728,728,CHEMBL1223457,3.18,CC1=CC2=NNC(=O)N2c3cc(ccc13)c4ccccc4CO,1,1,[0 0 0 ... 0 0 0],4
861,861,CHEMBL1222443,2.07,CC1=CC2=NNC(=O)N2c3cc(ccc13)c4occc4,1,1,[0 0 0 ... 0 0 0],4
1495,1495,CHEMBL1223246,2.77,CC1=CC2=NNC(=O)N2c3cc(ccc13)c4ccc(cc4)C(=O)N5CCOCC5,1,1,[0 0 0 ... 0 0 0],4
1749,1749,CHEMBL487274,2.35,CC1=CC2=NNC(=O)N2c3ccccc13,1,1,[0 0 0 ... 0 0 0],4
1853,1853,CHEMBL2012856,3.26,NC1=CC2=NNC(=O)N2c3cc(ccc13)c4cccs4,1,1,[0 0 0 ... 0 0 0],4
2718,2718,CHEMBL2012863,2.48,NC1=CC2=NNC(=O)N2c3cc(ccc13)c4occc4,1,1,[0 0 0 ... 0 0 0],4
3286,3286,CHEMBL1223528,2.13,CC1=CC2=NNC(=O)N2c3cc(ccc13)c4cn[nH]c4,1,1,[0 0 0 ... 0 0 0],4
3308,3308,CHEMBL1223456,2.86,CC1=CC2=NNC(=O)N2c3cc(ccc13)c4ccc(CO)cc4,1,1,[0 0 0 ... 0 0 0],4
3346,3346,CHEMBL1223458,2.29,CC1=CC2=NNC(=O)N2c3cc(ccc13)c4ccncc4,1,1,[0 0 0 ... 0 0 0],4
3683,3683,CHEMBL2012857,3.18,NC1=CC2=NNC(=O)N2c3cc(ccc13)c4ccsc4,1,1,[0 0 0 ... 0 0 0],4
3985,3985,CHEMBL1223459,2.72,CC1=CC2=NNC(=O)N2c3cc(ccc13)c4cccnc4,1,1,[0 0 0 ... 0 0 0],4
4042,4042,CHEMBL1223455,3.36,CC1=CC2=NNC(=O)N2c3cc(ccc13)c4cccc(CO)c4,1,1,[0 0 0 ... 0 0 0],4
1038,1038,CHEMBL1824606,3.85,Fc1ccccc1COc2cc(OCCCN3CCCC3)ccc2C(=O)Nc4ccccc4,1,1,[0 0 0 ... 0 0 0],5
1456,1456,CHEMBL1824608,3.67,Fc1cccc(COc2cc(OCCCN3CCCC3)ccc2C(=O)Nc4ccccc4)c1,1,1,[0 0 0 ... 0 0 0],5
1976,1976,CHEMBL1824371,3.15,Oc1cccc(NC(=O)c2ccc(OCCCN3CCCC3)cc2OCc4cccc(F)c4)c1,1,1,[0 0 0 ... 0 0 0],5
1979,1979,CHEMBL1824373,2.41,Oc1cccc(NC(=O)c2ccc(OCCCN3CCCC3)cc2OCc4cccc(c4)C#N)c1,1,1,[0 0 0 ... 0 0 0],5
2547,2547,CHEMBL1824369,2.34,Oc1cccc(NC(=O)c2ccc(OCCCN3CCCC3)cc2OCc4ccccc4C#N)c1,1,1,[0 0 0 ... 0 0 0],5
2736,2736,CHEMBL1824364,3.2,Oc1cccc(NC(=O)c2ccc(OCCCN3CCCC3)cc2OCc4ccc(F)cc4)c1,1,1,[0 0 0 ... 0 0 0],5
2940,2940,CHEMBL1824375,1.59,Oc1cccc(NC(=O)c2ccc(OCCCN3CCCC3)cc2OCc4cccnc4)c1,1,1,[0 0 0 ... 0 0 0],5
3017,3017,CHEMBL1824377,1.56,Oc1cccc(NC(=O)c2ccc(OCCCN3CCCC3)cc2OCc4cscn4)c1,1,1,[0 0 0 ... 0 0 0],5
3663,3663,CHEMBL1824363,3.07,Oc1cccc(NC(=O)c2ccc(OCCCN3CCCC3)cc2OCc4ccccc4)c1,1,1,[0 0 0 ... 0 0 0],5
3804,3804,CHEMBL1824605,2.66,O=C(Nc1ccccc1)c2ccc(OCCCN3CCCC3)cc2OCc4ccccc4C#N,1,1,[0 0 0 ... 0 0 0],5
3980,3980,CHEMBL1824379,2.46,CCCOc1cc(OCCCN2CCCC2)ccc1C(=O)Nc3cccc(O)c3,1,1,[0 0 0 ... 0 0 0],5
4193,4193,CHEMBL1824376,1.78,Oc1cccc(NC(=O)c2ccc(OCCCN3CCCC3)cc2OCc4ccccn4)c1,1,1,[0 0 0 ... 0 0 0],5
549,549,CHEMBL1829409,1.39,CCC(N(CCCN)C(=O)c1ccc(OC)cc1)C2=Nc3ccsc3C(=O)N2Cc4ccccc4,1,1,[0 1 0 ... 0 0 0],6
771,771,CHEMBL2326523,2.88,CC(C)[C@H](N(CCCN)C(=O)c1ccc(C)cc1)C2=Nc3cc(Cl)ccc3C(=O)N2Cc4ccccc4,1,1,[0 1 0 ... 0 0 0],6
1074,1074,CHEMBL1829254,0.01,CCC(N(CCCN)C(=O)c1ccc(C)cc1)C2=Nc3ccsc3C(=O)N2Cc4cccnc4,1,1,[0 1 0 ... 0 0 0],6
1639,1639,CHEMBL254192,1.47,Cc1ccc(cc1)C(=O)N(CCCN)CC2=Nc3cc(Cl)ccc3C(=O)N2Cc4ccccc4,1,1,[0 0 0 ... 0 0 0],6
1752,1752,CHEMBL1829249,2.32,CCC(N(CCCN)C(=O)c1ccc(C)cc1)C2=Nc3ccsc3C(=O)N2Cc4ccc(Cl)cc4,1,1,[0 1 0 ... 0 0 0],6
2372,2372,CHEMBL1829422,1.37,CCC(N(CCCN)C(=O)c1ccc(C)cc1)C2=Nc3ccoc3C(=O)N2Cc4ccccc4,1,1,[0 1 0 ... 0 0 0],6
2565,2565,CHEMBL1829442,4.14,CCC(NC(=O)c1ccc(C)cc1)C2=Nc3ccsc3C(=O)N2Cc4ccccc4,1,1,[0 1 0 ... 0 0 0],6
2632,2632,CHEMBL1829270,1.38,CCC(N(CCCN)C(=O)c1ccccc1)C2=Nc3ccsc3C(=O)N2Cc4ccccc4,1,1,[0 1 0 ... 0 0 0],6
2680,2680,CHEMBL1829261,1.33,CCC(N(CC1CCNCC1)C(=O)c2ccc(C)cc2)C3=Nc4ccsc4C(=O)N3Cc5ccccc5,1,1,[0 1 0 ... 0 0 0],6
2701,2701,CHEMBL1829408,2.72,CCC(N(CCCN)C(=O)c1ccc(cc1)C(C)C)C2=Nc3ccsc3C(=O)N2Cc4ccccc4,1,1,[0 1 0 ... 0 0 0],6
2754,2754,CHEMBL1829424,2.06,CCC(N(CCCN)C(=O)c1ccc(C)cc1)C2=Nc3sccc3C(=O)N2Cc4ccccc4,1,1,[0 1 0 ... 0 0 0],6
2906,2906,CHEMBL1829250,1.69,CCC(N(CCCN)C(=O)c1ccc(C)cc1)C2=Nc3ccsc3C(=O)N2Cc4ccc(C)cc4,1,1,[0 1 0 ... 0 0 0],6
3002,3002,CHEMBL1829251,2.15,CCC(N(CCCN)C(=O)c1ccc(C)cc1)C2=Nc3ccsc3C(=O)N2Cc4ccc(OC)cc4,1,1,[0 1 0 ... 0 0 0],6
3252,3252,CHEMBL1829428,-0.04,CCC(N(CCCN)C(=O)c1ccc(C)cc1)C2=Nc3ncccc3C(=O)N2Cc4ccccc4,1,1,[0 1 0 ... 0 0 0],6
3288,3288,CHEMBL1829429,-0.14,CCC(N(CCCN)C(=O)c1ccc(C)cc1)C2=Nc3nccnc3C(=O)N2Cc4ccccc4,1,1,[0 1 0 ... 0 0 0],6
3354,3354,CHEMBL1829246,1.81,CCC(N(CCCN)C(=O)c1ccc(C)cc1)C2=Nc3ccsc3C(=O)N2Cc4ccccc4,1,1,[0 1 0 ... 0 0 0],6
3473,3473,CHEMBL1829416,2.56,CCC(N(CCCN)C(=O)c1ccc(C)nc1)C2=Nc3ccsc3C(=O)N2Cc4ccccc4,1,1,[0 1 0 ... 0 0 0],6
3668,3668,CHEMBL1829257,0.02,CCC(N(CCCN)C(=O)c1ccc(C)cc1)C2=Nc3ccsc3C(=O)N2Cc4cscn4,1,1,[0 1 0 ... 0 0 0],6
3696,3696,CHEMBL1829430,1.61,CCC(N(CCCN)C(=O)c1ccc(C)cc1)C2=Nc3snc(C)c3C(=O)N2Cc4ccccc4,1,1,[0 1 0 ... 0 0 0],6
3938,3938,CHEMBL1829423,1.8,CCC(N(CCCN)C(=O)c1ccc(C)cc1)C2=Nc3ccn(C)c3C(=O)N2Cc4ccccc4,1,1,[0 1 0 ... 0 0 0],6
130,130,CHEMBL2171046,1.52,Cc1ccc(cc1)S(=O)(=O)NC(=O)N2CCC(CC2)N3CCC(CC3)Oc4ccc(Cl)cc4Cl,1,1,[0 0 0 ... 0 0 0],7
197,197,CHEMBL2171034,1.79,Fc1ccc(cc1)S(=O)(=O)NC(=O)N2CCC(CC2)N3CCC(CC3)Oc4ccc(Cl)c(Cl)c4,1,1,[0 0 0 ... 0 0 0],7
367,367,CHEMBL2171036,1.39,COc1ccc(cc1)S(=O)(=O)NC(=O)N2CCC(CC2)N3CCC(CC3)Oc4ccc(Cl)c(Cl)c4,1,1,[0 0 0 ... 0 0 0],7
387,387,CHEMBL2171049,1.6,Cc1ccc(cc1)S(=O)(=O)NC(=O)N2CCC(CC2)N3CCC(CC3)Oc4ccc(Cl)cc4,1,1,[0 0 0 ... 0 0 0],7
460,460,CHEMBL2171042,1.84,Cc1cccc(c1)S(=O)(=O)NC(=O)N2CCC(CC2)N3CCC(CC3)Oc4ccc(Cl)c(Cl)c4,1,1,[0 0 0 ... 0 0 0],7
600,600,CHEMBL2171014,2.0,CN(C)c1ccc(cc1)S(=O)(=O)NC(=O)N2CCC(CC2)N3CCC(CC3)Oc4ccc(Cl)c(C)c4Cl,1,1,[0 0 0 ... 0 0 0],7
653,653,CHEMBL2171037,1.7,CN(C)c1ccc(cc1)S(=O)(=O)NC(=O)N2CCC(CC2)N3CCC(CC3)Oc4ccc(Cl)c(Cl)c4,1,1,[0 0 0 ... 0 0 0],7
764,764,CHEMBL2171024,1.23,OC(=O)c1cccc(c1)C(=O)N2CCC(CC2)N3CCC(CC3)Oc4ccc(Cl)c(Cl)c4,1,1,[0 0 0 ... 0 0 0],7
854,854,CHEMBL2171027,0.66,OC(=O)CCCS(=O)(=O)c1cccc(c1)C(=O)N2CCC(CC2)N3CCC(CC3)Oc4ccc(Cl)c(Cl)c4,1,1,[0 0 0 ... 0 0 0],7
1033,1033,CHEMBL2171040,0.89,COc1ccccc1S(=O)(=O)NC(=O)N2CCC(CC2)N3CCC(CC3)Oc4ccc(Cl)c(Cl)c4,1,1,[0 0 0 ... 0 0 0],7
1076,1076,CHEMBL2171023,1.73,OC(=O)c1ccccc1C(=O)N2CCC(CC2)N3CCC(CC3)Oc4ccc(Cl)c(Cl)c4,1,1,[0 0 0 ... 0 0 0],7
1595,1595,CHEMBL2171050,0.75,Cc1ccc(cc1)S(=O)(=O)NC(=O)N2CCC(CC2)N3CCC(CC3)Oc4ccc(F)c(F)c4,1,1,[0 0 0 ... 0 0 0],7
1686,1686,CHEMBL2171025,2.24,Clc1ccc(OC2CCN(CC2)C3CCN(CC3)C(=O)c4ccc(cc4)C5=NOC(=O)N5)cc1Cl,1,1,[0 0 0 ... 0 0 0],7
1706,1706,CHEMBL2158815,2.23,OC(=O)C(N1CCC(CC1)N2CCC(CC2)Oc3ccc(Cl)c(Cl)c3)c4ccccc4,1,1,[0 1 0 ... 0 0 0],7
1932,1932,CHEMBL2171041,1.74,CN(C)c1ccccc1S(=O)(=O)NC(=O)N2CCC(CC2)N3CCC(CC3)Oc4ccc(Cl)c(Cl)c4,1,1,[0 0 0 ... 0 0 0],7
2053,2053,CHEMBL2171013,4.49,CN(C(=O)N1CCC(CC1)N2CCC(CC2)Oc3ccc(Cl)c(Cl)c3)S(=O)(=O)c4ccc(C)cc4,1,1,[0 0 0 ... 0 0 0],7
2061,2061,CHEMBL2171043,2.62,Clc1cccc(c1)S(=O)(=O)NC(=O)N2CCC(CC2)N3CCC(CC3)Oc4ccc(Cl)c(Cl)c4,1,1,[0 0 0 ... 0 0 0],7
2127,2127,CHEMBL2171029,1.6,OC(=O)CCCCn1nnc(n1)c2ccc(cc2)C(=O)N3CCC(CC3)N4CCC(CC4)Oc5ccc(Cl)c(Cl)c5,1,1,[0 0 0 ... 0 0 0],7
2228,2228,CHEMBL2171048,1.79,Cc1ccc(cc1)S(=O)(=O)NC(=O)N2CCC(CC2)N3CCC(CC3)Oc4ccc(Cl)cc4C,1,1,[0 0 0 ... 0 0 0],7
2262,2262,CHEMBL2171020,3.51,Clc1ccc(OC2CCN(CC2)C3CCN(CC3)C(=O)C4=CNC(=O)c5ccccc45)cc1Cl,1,1,[0 0 0 ... 0 0 0],7
2514,2514,CHEMBL2171033,1.5,Clc1ccc(OC2CCN(CC2)C3CCN(CC3)C(=O)NS(=O)(=O)c4ccccc4)cc1Cl,1,1,[0 0 0 ... 0 0 0],7
2556,2556,CHEMBL2171215,2.13,Clc1ccc(OC2CCN(CC2)C3CCN(CC3)C(=O)NS(=O)(=O)Cc4ccccc4)cc1Cl,1,1,[0 0 0 ... 0 0 0],7
2618,2618,CHEMBL2171038,1.71,Cc1ccccc1S(=O)(=O)NC(=O)N2CCC(CC2)N3CCC(CC3)Oc4ccc(Cl)c(Cl)c4,1,1,[0 0 0 ... 0 0 0],7
2816,2816,CHEMBL2171026,1.53,Clc1ccc(OC2CCN(CC2)C3CCN(CC3)C(=O)c4ccc(cc4)c5nn[nH]n5)cc1Cl,1,1,[0 0 0 ... 0 0 0],7
2859,2859,CHEMBL2171044,1.81,Clc1ccc(OC2CCN(CC2)C3CCN(CC3)C(=O)NS(=O)(=O)c4cccc(c4)C#N)cc1Cl,1,1,[0 0 0 ... 0 0 0],7
2911,2911,CHEMBL2171039,1.93,Clc1ccc(OC2CCN(CC2)C3CCN(CC3)C(=O)NS(=O)(=O)c4ccccc4Cl)cc1Cl,1,1,[0 0 0 ... 0 0 0],7
2956,2956,CHEMBL2171047,2.2,Cc1ccc(cc1)S(=O)(=O)NC(=O)N2CCC(CC2)N3CCC(CC3)Oc4ccc(Cl)c(C)c4Cl,1,1,[0 0 0 ... 0 0 0],7
2990,2990,CHEMBL2171035,2.59,Clc1ccc(cc1)S(=O)(=O)NC(=O)N2CCC(CC2)N3CCC(CC3)Oc4ccc(Cl)c(Cl)c4,1,1,[0 0 0 ... 0 0 0],7
3218,3218,CHEMBL2171021,3.33,Cc1c(Cl)ccc(OC2CCN(CC2)C3CCN(CC3)C(=O)c4cccc(c4)S(=O)(=O)C)c1Cl,1,1,[0 0 0 ... 0 0 0],7
3311,3311,CHEMBL2171015,2.14,Clc1ccc(OC2CCN(CC2)C3CCN(CC3)S(=O)(=O)NC(=O)c4ccccc4)cc1Cl,1,1,[0 0 0 ... 0 0 0],7
3436,3436,CHEMBL2171022,1.09,OC(=O)COc1cccc(c1)C(=O)N2CCC(CC2)N3CCC(CC3)Oc4ccc(Cl)c(Cl)c4,1,1,[0 0 0 ... 0 0 0],7
3817,3817,CHEMBL2171045,2.94,FC(F)(F)c1cccc(c1)S(=O)(=O)NC(=O)N2CCC(CC2)N3CCC(CC3)Oc4ccc(Cl)c(Cl)c4,1,1,[0 0 0 ... 0 0 0],7
33,33,CHEMBL2208428,2.34,CS(=O)(=O)c1ccccc1C(=O)NC[C@@H](O)CN2CCC(CC2)Oc3ccc(Cl)c(Cl)c3,1,1,[0 1 0 ... 0 0 0],8
323,323,CHEMBL2208429,2.95,O[C@H](CNC(=O)c1n[nH]c2ccccc12)CN3CCC(CC3)Oc4ccc(Cl)c(Cl)c4,1,1,[0 1 0 ... 0 0 0],8
356,356,CHEMBL2207286,3.13,CN(C)S(=O)(=O)c1ccc2C(=CNC(=O)c2c1)C(=O)NC[C@@H](O)CN3CCC(CC3)Oc4ccc(Cl)c(Cl)c4,1,1,[0 1 0 ... 0 1 0],8
360,360,CHEMBL2207659,3.02,Cc1cc(Cl)ccc1OC2CCN(C[C@H](O)CNC(=O)c3c[nH]nc3C(F)(F)F)CC2,1,1,[0 1 0 ... 0 0 0],8
407,407,CHEMBL2208432,4.46,O[C@H](CNC(=O)N1C(=O)Nc2ccccc12)CN3CCC(CC3)Oc4ccc(Cl)c(Cl)c4,1,1,[0 1 0 ... 0 0 0],8
638,638,CHEMBL2207657,3.0,Cc1cc(Cl)ccc1OC2CCN(C[C@H](O)CNC(=O)C3=CNC(=O)c4c(F)cccc34)CC2,1,1,[0 1 0 ... 0 0 0],8
747,747,CHEMBL2207672,2.83,Cc1c(Cl)ccc(OC2CCN(C[C@H](O)CNC(=O)C3=CNC(=O)c4cc(ccc34)S(=O)(=O)C)CC2)c1Cl,1,1,[0 1 0 ... 0 1 0],8
752,752,CHEMBL2207285,3.67,O[C@H](CNC(=O)C1=CNC(=O)c2cc(ccc12)S(=O)(=O)NC3CC3)CN4CCC(CC4)Oc5ccc(Cl)c(Cl)c5,1,1,[0 1 0 ... 0 1 0],8
798,798,CHEMBL2207654,3.02,O[C@H](CNC(=O)C1=CNC(=O)c2cc(ccc12)S(=O)(=O)N3CCC3)CN4CCC(CC4)Oc5ccc(Cl)c(Cl)c5,1,1,[0 1 0 ... 0 1 0],8
836,836,CHEMBL2207660,3.66,Cc1c(Cl)ccc(OC2CCN(C[C@H](O)CNC(=O)c3c[nH]nc3C(F)(F)F)CC2)c1Cl,1,1,[0 1 0 ... 0 0 0],8
901,901,CHEMBL2207655,2.54,CC1(O)CN(C1)S(=O)(=O)c2ccc3C(=CNC(=O)c3c2)C(=O)NC[C@@H](O)CN4CCC(CC4)Oc5ccc(Cl)c(Cl)c5,1,1,[0 1 0 ... 0 1 0],8
1159,1159,CHEMBL2207656,3.15,O[C@H](CNC(=O)C1=CNC(=O)c2c(F)cccc12)CN3CCC(CC3)Oc4ccc(Cl)c(Cl)c4,1,1,[0 1 0 ... 0 0 0],8
1263,1263,CHEMBL2207665,2.76,CN1C=C(C(=O)NC[C@@H](O)CN2CCC(CC2)Oc3ccc(Cl)c(Cl)c3)C(=CC1=O)C(F)(F)F,1,1,[0 1 0 ... 0 0 0],8
1277,1277,CHEMBL2208422,3.42,O[C@H](CNS(=O)(=O)c1cccc(c1)C#N)CN2CCC(CC2)Oc3ccc(Cl)c(Cl)c3,1,1,[0 1 0 ... 0 0 0],8
1288,1288,CHEMBL2207671,2.63,CS(=O)(=O)c1ccc2C(=CNC(=O)c2c1)C(=O)NC[C@@H](O)CN3CCC(CC3)Oc4ccc(Cl)c(Cl)c4,1,1,[0 1 0 ... 0 1 0],8
1541,1541,CHEMBL2207670,1.41,CS(=O)(=O)c1ccc2C(=CNC(=O)c2c1)C(=O)NC[C@@H](O)CN3CCC(CC3)Oc4ccc(C#N)c(Cl)c4,1,1,[0 1 0 ... 0 1 0],8
1943,1943,CHEMBL2207662,2.71,O[C@H](CNC(=O)C1=CNC(=O)C=C1C(F)(F)F)CN2CCC(CC2)Oc3ccc(Cl)c(Cl)c3,1,1,[0 1 0 ... 0 0 0],8
1971,1971,CHEMBL2207669,2.56,O[C@H](CNC(=O)C1=CNC(=O)c2ccccc12)CN3CCC(CC3)Oc4ccc(C#N)c(Cl)c4,1,1,[0 1 0 ... 0 0 0],8
2072,2072,CHEMBL2208430,3.91,O[C@H](CNC(=O)c1c[nH]c2ccccc12)CN3CCC(CC3)Oc4ccc(Cl)c(Cl)c4,1,1,[0 1 0 ... 0 0 0],8
2078,2078,CHEMBL2207284,2.77,CNS(=O)(=O)c1ccc2C(=CNC(=O)c2c1)C(=O)NC[C@@H](O)CN3CCC(CC3)Oc4ccc(Cl)c(Cl)c4,1,1,[0 1 0 ... 0 1 0],8
2119,2119,CHEMBL2207658,3.34,O[C@H](CNC(=O)c1c[nH]nc1C(F)(F)F)CN2CCC(CC2)Oc3ccc(Cl)c(Cl)c3,1,1,[0 1 0 ... 0 0 0],8
2124,2124,CHEMBL2208426,2.86,CS(=O)(=O)c1ccc(s1)C(=O)NC[C@@H](O)CN2CCC(CC2)Oc3ccc(Cl)c(Cl)c3,1,1,[0 1 0 ... 0 1 0],8
2151,2151,CHEMBL2207666,3.42,O[C@H](CNC(=O)C1=CNC(=O)c2ccccc12)CN3CCC(CC3)Oc4ccc(Cl)c(Cl)c4,1,1,[0 1 0 ... 0 0 0],8
2271,2271,CHEMBL2208434,3.48,O[C@H](CNC(=O)C1=CC(=O)Nc2ccccc12)CN3CCC(CC3)Oc4ccc(Cl)c(Cl)c4,1,1,[0 1 0 ... 0 0 0],8
2307,2307,CHEMBL2207664,3.14,Cc1c(Cl)ccc(OC2CCN(C[C@H](O)CNC(=O)C3=CNC(=O)C=C3C(F)(F)F)CC2)c1Cl,1,1,[0 1 0 ... 0 0 0],8
2478,2478,CHEMBL2207281,2.06,OCCNS(=O)(=O)c1ccc2C(=CNC(=O)c2c1)C(=O)NC[C@@H](O)CN3CCC(CC3)Oc4ccc(Cl)c(Cl)c4,1,1,[0 1 0 ... 0 1 0],8
2616,2616,CHEMBL2207280,3.93,O[C@H](CNC(=O)C1=CNC(=O)c2ccc(F)cc12)CN3CCC(CC3)Oc4ccc(Cl)c(Cl)c4,1,1,[0 1 0 ... 0 0 0],8
2686,2686,CHEMBL2208425,3.33,O[C@H](CNC(=O)c1cn2cc(F)ccc2n1)CN3CCC(CC3)Oc4ccc(Cl)c(Cl)c4,1,1,[0 1 0 ... 0 0 0],8
2787,2787,CHEMBL2207276,2.42,Cc1cc(Cl)ccc1OC2CCN(C[C@H](O)CNC(=O)C3=CNC(=O)c4cc(ccc34)S(=O)(=O)C)CC2,1,1,[0 1 0 ... 0 1 0],8
3014,3014,CHEMBL2208435,3.28,O[C@H](CNC(=O)c1cnnc2ccccc12)CN3CCC(CC3)Oc4ccc(Cl)c(Cl)c4,1,1,[0 1 0 ... 0 0 0],8
3104,3104,CHEMBL2208431,3.69,O[C@H](CNC(=O)C1=NNC(=O)c2ccccc12)CN3CCC(CC3)Oc4ccc(Cl)c(Cl)c4,1,1,[1 1 0 ... 0 0 0],8
3227,3227,CHEMBL2208427,3.12,COc1cc(ccc1N)C(=O)NC[C@@H](O)CN2CCC(CC2)Oc3ccc(Cl)c(Cl)c3,1,1,[0 1 0 ... 0 0 0],8
3361,3361,CHEMBL2207282,2.17,NS(=O)(=O)c1ccc2C(=CNC(=O)c2c1)C(=O)NC[C@@H](O)CN3CCC(CC3)Oc4ccc(Cl)c(Cl)c4,1,1,[0 1 0 ... 0 1 0],8
3466,3466,CHEMBL2208423,3.48,O[C@H](CNC(=O)c1cccc(c1)C#N)CN2CCC(CC2)Oc3ccc(Cl)c(Cl)c3,1,1,[0 1 0 ... 0 0 0],8
3485,3485,CHEMBL2207663,2.37,Cc1cc(Cl)ccc1OC2CCN(C[C@H](O)CNC(=O)C3=CNC(=O)C=C3C(F)(F)F)CC2,1,1,[0 1 0 ... 0 0 0],8
3666,3666,CHEMBL2207661,3.15,O[C@H](CNC(=O)c1c[nH]nc1C2CC2)CN3CCC(CC3)Oc4ccc(Cl)c(Cl)c4,1,1,[0 1 0 ... 0 0 0],8
2548,2548,CHEMBL2011928,3.28,COc1ccc(cc1)c2nc3c(NCCCNC(=O)C)c(Br)cnc3[nH]2,1,1,[0 0 0 ... 0 0 0],9
2583,2583,CHEMBL2011937,0.25,COc1ccc(cc1)c2nc3c(NCCCNC(=O)c4ccccc4)c(Br)cnc3[nH]2,1,1,[0 0 0 ... 0 0 0],9
3167,3167,CHEMBL2011931,1.71,COc1ccc(cc1)c2nc3c(NCCCNC(=O)C4CC4)c(Br)cnc3[nH]2,1,1,[0 0 0 ... 0 0 0],9
3950,3950,CHEMBL2011932,1.9,COc1ccc(cc1)c2nc3c(NCCCNC(=O)C4(CN)CC4)c(Br)cnc3[nH]2,1,1,[0 0 0 ... 0 0 0],9
179,179,CHEMBL1950851,3.12,CN[C@@H](C)C(=O)N[C@H](C(=O)N[C@H]1CCCN(CCc2ccc(F)cc2)C1)C(C)(C)C,1,1,[0 1 0 ... 0 0 0],11
673,673,CHEMBL1950842,1.46,CN[C@@H](C)C(=O)N[C@H](C(=O)N[C@H]1CCCN(CCc2ccccc2)C1)C(C)(C)C,1,1,[0 1 0 ... 0 0 0],11
702,702,CHEMBL1950860,2.85,CN[C@@H](C)C(=O)N[C@H](C(=O)N[C@H]1CCCN(CCc2ccc(cc2)C(F)(F)F)C1)C(C)(C)C,1,1,[0 1 0 ... 0 0 0],11
876,876,CHEMBL1949685,1.65,CN[C@@H](C)C(=O)N[C@@H](C1CCCCC1)C(=O)N[C@H]2CCCN(CCc3ccccc3)C2,1,1,[0 1 1 ... 0 0 0],11
1027,1027,CHEMBL1950854,1.45,CN[C@@H](C)C(=O)N[C@H](C(=O)N[C@H]1CCCN(CCc2ccc(OC)cc2)C1)C(C)(C)C,1,1,[0 1 0 ... 0 0 0],11
1643,1643,CHEMBL1950858,0.77,CN[C@@H](C)C(=O)N[C@H](C(=O)N[C@H]1CCCN(CCc2ccc(O)cc2)C1)C(C)(C)C,1,1,[0 1 0 ... 0 0 0],11
2030,2030,CHEMBL1950846,0.9,CN[C@@H](C)C(=O)N[C@H](C(=O)N[C@H]1CCCN(C1)S(=O)(=O)c2ccccc2)C(C)(C)C,1,1,[0 1 0 ... 0 0 0],11
2495,2495,CHEMBL1950849,2.64,CN[C@@H](C)C(=O)N[C@@H](C1CCCCC1)C(=O)N[C@H]2CCCN(CCc3cccc(F)c3)C2,1,1,[0 1 1 ... 0 0 0],11
2613,2613,CHEMBL1950861,-0.55,CN[C@@H](C)C(=O)N[C@H](C(=O)N[C@H]1CCCN(CCc2ccccn2)C1)C(C)(C)C,0,0,[0 1 0 ... 0 0 0],11
2768,2768,CHEMBL1950856,2.92,CN[C@@H](C)C(=O)N[C@H](C(=O)N[C@H]1CCCN(CCc2ccc(Br)cc2)C1)C(C)(C)C,1,1,[0 1 0 ... 0 0 0],11
2806,2806,CHEMBL1950848,2.51,CN[C@@H](C)C(=O)N[C@@H](C1CCCCC1)C(=O)N[C@H]2CCCN(CCc3ccccc3F)C2,1,1,[0 1 1 ... 0 0 0],11
2959,2959,CHEMBL1950857,2.05,CN[C@@H](C)C(=O)N[C@H](C(=O)N[C@H]1CCCN(CCc2ccc(C)cc2)C1)C(C)(C)C,1,1,[0 1 0 ... 0 0 0],11
3165,3165,CHEMBL1950859,1.54,CN[C@@H](C)C(=O)N[C@H](C(=O)N[C@H]1CCCN(CCc2ccc(cc2)[N+](=O)[O-])C1)C(C)(C)C,1,1,[0 1 0 ... 0 0 0],11
3207,3207,CHEMBL1950847,0.78,CN[C@@H](C)C(=O)N[C@H](C(=O)N[C@H]1CCCN(C1)S(=O)(=O)Cc2ccccc2)C(C)(C)C,1,1,[0 1 0 ... 0 0 0],11
3345,3345,CHEMBL1950843,2.34,CN[C@@H](C)C(=O)N[C@@H](C1CCCCC1)C(=O)N(C)[C@H]2CCCN(CCc3ccccc3)C2,1,1,[0 1 1 ... 0 0 0],11
3547,3547,CHEMBL1950850,2.39,CN[C@@H](C)C(=O)N[C@@H](C1CCCCC1)C(=O)N[C@H]2CCCN(CCc3ccc(F)cc3)C2,1,1,[0 1 1 ... 0 0 0],11
3719,3719,CHEMBL1950853,1.47,CN[C@@H](C)C(=O)N[C@H](C(=O)N[C@H]1CCCN(CCc2cccc(OC)c2)C1)C(C)(C)C,1,1,[0 1 0 ... 0 0 0],11
3932,3932,CHEMBL1950852,1.61,CN[C@@H](C)C(=O)N[C@H](C(=O)N[C@H]1CCCN(CCc2ccccc2OC)C1)C(C)(C)C,1,1,[0 1 0 ... 0 0 0],11
100,100,CHEMBL2331746,1.49,CC1=CN([C@H]2CCCN(C2)S(=O)(=O)c3ccc(O)c(Oc4ccccc4)c3)C(=O)NC1=O,1,1,[0 0 0 ... 0 0 0],12
235,235,CHEMBL2331753,2.27,CC1=CN([C@H]2CCCN(C2)S(=O)(=O)c3ccc(O)c(Oc4cccc(c4)C(F)(F)F)c3)C(=O)NC1=O,1,1,[0 0 0 ... 0 0 0],12
499,499,CHEMBL2331752,2.35,CC1=CN([C@H]2CCCN(C2)S(=O)(=O)c3ccc(O)c(Oc4cc(F)cc(Cl)c4)c3)C(=O)NC1=O,1,1,[0 0 0 ... 0 0 0],12
1025,1025,CHEMBL2331749,2.12,CC1=CN([C@H]2CCCN(C2)S(=O)(=O)c3ccc(O)c(Oc4ccc(Cl)cc4)c3)C(=O)NC1=O,1,1,[0 0 0 ... 0 0 0],12
1287,1287,CHEMBL2331751,2.3,CC1=CN([C@H]2CCCN(C2)S(=O)(=O)c3ccc(O)c(Oc4cccc(Br)c4)c3)C(=O)NC1=O,1,1,[0 0 0 ... 0 0 0],12
1367,1367,CHEMBL2331742,-1.28,CC1=CN([C@H]2CCCN(C2)S(=O)(=O)c3ccc(C(=O)O)c(Oc4cccc(Cl)c4)c3)C(=O)NC1=O,0,0,[0 0 0 ... 0 0 0],12
2211,2211,CHEMBL2331748,1.6,CC1=CN([C@H]2CCCN(C2)S(=O)(=O)c3ccc(O)c(Oc4cccc(F)c4)c3)C(=O)NC1=O,1,1,[0 0 0 ... 0 0 0],12
2439,2439,CHEMBL2331754,2.69,CC1=CN([C@H]2CCCN(C2)S(=O)(=O)c3ccc(CO)c(Oc4cccc(Cl)c4)c3)C(=O)NC1=O,1,1,[0 0 0 ... 0 0 0],12
2717,2717,CHEMBL2331743,1.96,CC1=CN([C@H]2CCCN(C2)S(=O)(=O)c3ccc(C(=O)N)c(Oc4cccc(Cl)c4)c3)C(=O)NC1=O,1,1,[0 0 0 ... 0 0 0],12
3022,3022,CHEMBL2331738,2.32,CC1=CN([C@H]2CCCN(C2)S(=O)(=O)c3cccc(Oc4ccccc4)c3)C(=O)NC1=O,1,1,[0 0 0 ... 0 0 0],12
3079,3079,CHEMBL2331745,2.73,COc1ccc(cc1Oc2cccc(Cl)c2)S(=O)(=O)N3CCC[C@@H](C3)N4C=C(C)C(=O)NC4=O,1,1,[0 0 0 ... 0 0 0],12
3925,3925,CHEMBL2331750,2.4,CC1=CN([C@H]2CCCN(C2)S(=O)(=O)c3ccc(O)c(Oc4ccc(Cl)c(C)c4)c3)C(=O)NC1=O,1,1,[0 0 0 ... 0 0 0],12
4010,4010,CHEMBL2331740,-0.87,CC1=CN([C@H]2CCCN(C2)S(=O)(=O)c3ccc(C(=O)O)c(Oc4ccc(Cl)c(Cl)c4)c3)C(=O)NC1=O,0,0,[0 0 0 ... 0 0 0],12
56,56,CHEMBL2335875,3.21,COCCNC(=O)c1cccc(Nc2ncc3cc(ccc3n2)c4ccncc4)c1,1,1,[0 0 0 ... 0 0 0],13
654,654,CHEMBL2335887,2.78,COCCC(=O)Nc1ccc(Nc2ncc3cc(ccc3n2)c4ccncc4)cc1,1,1,[0 0 0 ... 0 0 0],13
677,677,CHEMBL2335881,1.86,COCCNCc1ccc(Nc2ncc3cc(ccc3n2)c4ccncc4)cc1,1,1,[0 0 0 ... 0 0 0],13
787,787,CHEMBL2335883,1.4,CN(C)CCNCc1ccc(Nc2ncc3cc(ccc3n2)c4ccncc4)cc1,1,1,[0 0 0 ... 0 0 0],13
828,828,CHEMBL2335876,2.78,COCCNC(=O)c1ccc(Nc2ncc3cc(ccc3n2)c4ccncc4)cc1C,1,1,[0 0 0 ... 0 0 0],13
892,892,CHEMBL2335865,3.56,COCCNC(=O)c1ccc(Nc2ncc3cc(ccc3n2)c4ccnc(C)c4)cc1,1,1,[0 0 0 ... 0 0 0],13
1258,1258,CHEMBL2335885,3.23,COCCC(=O)N(C)c1ccc(Nc2ncc3cc(ccc3n2)c4ccncc4)cc1,1,1,[0 0 0 ... 0 0 0],13
1380,1380,CHEMBL2335882,2.65,COCCN(C)Cc1ccc(Nc2ncc3cc(ccc3n2)c4ccncc4)cc1,1,1,[0 0 0 ... 0 0 0],13
1608,1608,CHEMBL2335870,3.11,COCCNC(=O)c1ccc(Nc2ncc3cc(ccc3n2)c4cccnc4)cc1,1,1,[0 0 0 ... 0 0 0],13
1748,1748,CHEMBL2335878,2.29,CN(C)CCNC(=O)c1ccc(Nc2ncc3cc(ccc3n2)c4ccncc4)cc1,1,1,[0 0 0 ... 0 0 0],13
2651,2651,CHEMBL2335886,3.1,COCCOc1ccc(Nc2ncc3cc(ccc3n2)c4ccncc4)cc1,1,1,[0 0 0 ... 0 0 0],13
2705,2705,CHEMBL2335889,3.04,CC(=O)Nc1ccc(Nc2ncc3cc(ccc3n2)c4ccncc4)cc1,1,1,[0 0 0 ... 0 0 0],13
3160,3160,CHEMBL2335884,2.66,C(CN1CCCC1)Oc2ccc(Nc3ncc4cc(ccc4n3)c5ccncc5)cc2,1,1,[0 0 0 ... 0 0 0],13
3209,3209,CHEMBL2335880,2.39,O=C(NCCN1CCCC1)c2ccc(Nc3ncc4cc(ccc4n3)c5ccncc5)cc2,1,1,[0 0 0 ... 0 0 0],13
3396,3396,CHEMBL2335888,2.88,CN(C(=O)C)c1ccc(Nc2ncc3cc(ccc3n2)c4ccncc4)cc1,1,1,[0 0 0 ... 1 0 0],13
3416,3416,CHEMBL2335879,2.01,CN1CCCC1CCNC(=O)c2ccc(Nc3ncc4cc(ccc4n3)c5ccncc5)cc2,1,1,[0 0 0 ... 0 0 0],13
3635,3635,CHEMBL2335866,3.14,COCCNC(=O)c1ccc(Nc2ncc3cc(ccc3n2)c4ccncc4OC)cc1,1,1,[0 0 0 ... 0 0 0],13
165,165,CHEMBL1917433,0.21,Cc1c(Sc2ccc(Cl)cc2)c3c(NS(=O)(=O)C)cccc3n1CC(=O)O,1,1,[0 0 0 ... 0 0 0],14
172,172,CHEMBL384962,1.78,Cc1ccc2c(c1)c(c(C)n2CC(=O)O)c3ccnc4ccc(cc34)C(F)(F)F,1,1,[0 0 0 ... 0 0 0],14
210,210,CHEMBL1917461,0.35,Cc1ccc2c(n1)c(Sc3ccc(Cl)cc3)c(C)n2CC(=O)O,1,1,[0 0 0 ... 0 0 0],14
251,251,CHEMBL1917421,3.56,CC(C(=O)O)n1c(C)c(Sc2ccc(Cl)cc2)c3cc(Cl)ccc13,1,1,[0 1 0 ... 0 0 0],14
253,253,CHEMBL212777,1.59,Cc1ccc2c(c1)c(c(C)n2CC(=O)O)c3ccnc4cc(Cl)ccc34,1,1,[0 0 0 ... 0 0 0],14
281,281,CHEMBL1917436,0.2,CC(=O)Nc1ccc2c(c1)c(Sc3ccc(Cl)cc3)c(C)n2CC(=O)O,1,1,[0 0 0 ... 0 0 0],14
402,402,CHEMBL1917462,0.92,Cc1c(Sc2ccc(Cl)cc2)c3c(Cl)nccc3n1CC(=O)O,1,1,[0 0 0 ... 0 0 0],14
408,408,CHEMBL1917455,2.28,Cc1c(Oc2ccc(Cl)cc2)c3cc(ccc3n1CC(=O)O)C(F)(F)F,1,1,[0 0 0 ... 0 0 0],14
501,501,CHEMBL1917419,2.87,Cc1c(Sc2ccc(Cl)cc2)c3cc(Cl)ccc3n1CC(=O)O,1,1,[0 0 0 ... 0 0 0],14
597,597,CHEMBL213854,0.53,Cc1ccc2c(c1)c(c(C)n2CC(=O)O)c3ccnc4c(F)cccc34,1,1,[0 0 0 ... 0 0 0],14
601,601,CHEMBL213029,1.68,COc1ccc2c(c1)c(CC(=O)O)c(C)n2c3ccnc4cc(Cl)ccc34,1,1,[0 0 0 ... 0 0 0],14
607,607,CHEMBL378730,1.27,Cc1ccc2c(c1)c(c(C)n2CC(=O)O)c3ccnc4c(Cl)cccc34,1,1,[0 0 0 ... 0 0 0],14
660,660,CHEMBL1917430,0.79,Cc1c(Sc2ccc(Cl)cc2)c3ccc(cc3n1CC(=O)O)S(=O)(=O)C,1,1,[0 0 0 ... 0 0 0],14
698,698,CHEMBL1917450,-0.83,Cc1c(c2c(NS(=O)(=O)C)cccc2n1CC(=O)O)S(=O)(=O)c3ccc(Cl)cc3,0,0,[0 0 0 ... 1 0 0],14
765,765,CHEMBL1917426,1.84,Cc1c(Sc2ccc(Cl)cc2)c3cc(F)ccc3n1CC(=O)O,1,1,[0 0 0 ... 0 0 0],14
831,831,CHEMBL211631,0.49,COc1cccc2c(ccnc12)c3c(C)n(CC(=O)O)c4ccc(C)cc34,1,1,[0 0 0 ... 0 0 0],14
936,936,CHEMBL1917444,1.01,COc1ccc(Sc2c(C)n(CC(=O)O)c3ccc(C)cc23)cc1,1,1,[0 0 0 ... 0 0 0],14
938,938,CHEMBL1917418,2.18,Cc1ccc2c(c1)c(Sc3ccc(Cl)cc3)c(C)n2CC(=O)O,1,1,[0 0 0 ... 0 0 0],14
956,956,CHEMBL213495,0.52,Cc1ccc2c(c1)c(c(C)n2CC(=O)O)c3ccnc4c(cccc34)C#N,1,1,[0 0 0 ... 0 0 0],14
1271,1271,CHEMBL1917447,-0.16,Cc1c(c2cc(F)ccc2n1CC(=O)O)S(=O)(=O)c3ccc(Cl)cc3,1,1,[0 0 0 ... 1 0 0],14
1361,1361,CHEMBL1917422,3.25,Cc1c(Sc2ccc(Cl)cc2)c3cc(Cl)ccc3n1Cc4nnn[nH]4,1,1,[0 0 0 ... 0 0 0],14
1385,1385,CHEMBL1420171,1.74,Cc1ccc2c(c1)c(Sc3ccccc3)c(CC(=O)O)n2C,1,1,[0 0 0 ... 0 0 0],14
1428,1428,CHEMBL1917431,0.54,Cc1c(Sc2ccc(Cl)cc2)c3cc(ccc3n1CC(=O)O)S(=O)(=O)C,1,1,[0 0 0 ... 0 0 0],14
1429,1429,CHEMBL1917446,0.06,Cc1ccc2c(c1)c(c(C)n2CC(=O)O)S(=O)(=O)c3ccc(Cl)cc3,1,1,[0 0 0 ... 1 0 0],14
1481,1481,CHEMBL1917438,2.61,Cc1c(Sc2ccc(Cl)cc2)c3c(cccc3n1CC(=O)O)c4ccccc4,1,1,[0 0 0 ... 0 0 0],14
1555,1555,CHEMBL378094,2.41,Cc1ccc2c(c(C)n(CC(=O)O)c2c1)c3ccnc4cc(Cl)ccc34,1,1,[0 0 0 ... 0 0 0],14
1651,1651,CHEMBL1917427,2.23,Cc1c(F)ccc2c1c(Sc3ccc(Cl)cc3)c(C)n2CC(=O)O,1,1,[0 0 0 ... 0 0 0],14
1667,1667,CHEMBL1917457,-1.41,CC(=O)Nc1cccc2c1c(Oc3ccc(Cl)cc3)c(C)n2CC(=O)O,0,0,[0 0 0 ... 0 0 0],14
1678,1678,CHEMBL1917441,1.85,Cc1ccc2c(c1)c(Sc3cccc(Cl)c3)c(C)n2CC(=O)O,1,1,[0 0 0 ... 0 0 0],14
1774,1774,CHEMBL1917423,2.0,Cc1c(Sc2ccc(Cl)cc2)c3cccc(Cl)c3n1CC(=O)O,1,1,[0 0 0 ... 0 0 0],14
1973,1973,CHEMBL213494,-0.34,Cc1ccc2c(c1)c(c(C)n2CC(=O)O)c3ccnc4c(cccc34)S(=O)(=O)C,1,1,[0 0 0 ... 0 0 0],14
1984,1984,CHEMBL1917439,3.7,Cc1c(Sc2ccc(Cl)cc2)c3cc(ccc3n1CC(=O)O)c4ccccc4,1,1,[0 0 0 ... 0 0 0],14
2034,2034,CHEMBL1917445,0.05,Cc1ccc2c(c1)c([S+]([O-])c3ccc(Cl)cc3)c(C)n2CC(=O)O,1,1,[0 0 0 ... 0 0 0],14
2125,2125,CHEMBL1917448,-0.42,COc1cccc(c1)S(=O)(=O)c2c(C)n(CC(=O)O)c3ccc(C)cc23,0,0,[0 0 0 ... 1 0 0],14
2182,2182,CHEMBL211677,2.88,Cc1ccc2c(c1)c(c(C)n2CC(=O)O)c3cc(C)nc4ccccc34,1,1,[0 0 0 ... 0 0 0],14
2508,2508,CHEMBL1917440,0.03,Cc1c(Sc2ccc(Cl)cc2)c3c(cccc3n1CC(=O)O)c4cnccn4,1,1,[0 0 0 ... 0 0 0],14
2533,2533,CHEMBL370152,2.96,OC(=O)c1c(Sc2ccccc2)c3cc(Cl)ccc3n1Cc4ccc(Cl)cc4,1,1,[0 0 0 ... 0 0 0],14
2575,2575,CHEMBL214350,1.27,Cc1ccc2c(c1)c(c(C)n2CC(=O)O)c3ccnc4c(cccc34)C(F)(F)F,1,1,[0 0 0 ... 0 0 0],14
2605,2605,CHEMBL1917459,-0.29,CCS(=O)(=O)Nc1cccc2c1c(Oc3ccc(Cl)cc3)c(C)n2CC(=O)O,1,1,[0 0 0 ... 0 0 0],14
2728,2728,CHEMBL379828,1.16,COc1ccc2c(c1)c(c(C)n2CC(=O)O)c3ccnc4cc(Cl)ccc34,1,1,[0 0 0 ... 0 0 0],14
2908,2908,CHEMBL214304,1.78,Cc1ccc2c(c1)c(c(C)n2CC(=O)O)c3ccnc4cc(ccc34)C(F)(F)F,1,1,[0 0 0 ... 0 0 0],14
2925,2925,CHEMBL1917424,2.51,Cc1c(Sc2ccc(Cl)cc2)c3ccc(Cl)cc3n1CC(=O)O,1,1,[0 0 0 ... 0 0 0],14
2970,2970,CHEMBL1917442,1.71,Cc1ccc2c(c1)c(Sc3ccccc3Cl)c(C)n2CC(=O)O,1,1,[0 1 0 ... 0 0 0],14
3025,3025,CHEMBL1917449,0.4,CC(=O)Nc1cccc2c1c(c(C)n2CC(=O)O)S(=O)(=O)c3ccc(Cl)cc3,1,1,[0 0 0 ... 1 0 0],14
3031,3031,CHEMBL1917454,1.26,Cc1c(Oc2ccc(Cl)cc2)c3cc(F)ccc3n1CC(=O)O,1,1,[0 0 0 ... 0 0 0],14
3134,3134,CHEMBL1917458,0.29,CCS(=O)(=O)c1ccc(Oc2c(C)n(CC(=O)O)c3ccc(cc23)C(F)(F)F)cc1,1,1,[0 0 0 ... 0 0 0],14
3194,3194,CHEMBL1917425,2.15,Cc1c(Sc2ccc(Cl)cc2)c3c(Cl)cccc3n1CC(=O)O,1,1,[0 0 0 ... 0 0 0],14
3199,3199,CHEMBL1917443,-0.08,Cc1ccc2c(c1)c(Sc3ccc(cc3)S(=O)(=O)C)c(C)n2CC(=O)O,1,1,[0 0 0 ... 0 0 0],14
3352,3352,CHEMBL1917456,-0.98,Cc1c(Oc2ccc(Cl)cc2)c3c(NS(=O)(=O)C)cccc3n1CC(=O)O,0,0,[0 0 0 ... 0 0 0],14
3373,3373,CHEMBL1917432,0.58,Cc1c(Sc2ccc(Cl)cc2)c3c(cccc3n1CC(=O)O)S(=O)(=O)C,1,1,[0 0 0 ... 0 0 0],14
3414,3414,CHEMBL1917435,-0.89,CNC(=O)c1cccc2c1c(Sc3ccc(Cl)cc3)c(C)n2CC(=O)O,0,0,[0 0 0 ... 0 0 0],14
3463,3463,CHEMBL1917434,1.61,CCN(C(=O)C)c1cccc2c1c(Sc3ccc(Cl)cc3)c(C)n2CC(=O)O,1,1,[0 0 0 ... 0 0 0],14
4021,4021,CHEMBL209689,1.29,Cc1ccc2c(c1)c(c(C)n2CC(=O)O)c3ccnc4c(C)cccc34,1,1,[0 0 0 ... 0 0 0],14
4115,4115,CHEMBL1917428,1.6,Cc1c(Sc2ccc(Cl)cc2)c3c(C#N)c(Cl)ccc3n1CC(=O)O,1,1,[0 0 0 ... 0 0 0],14
232,232,CHEMBL1762545,3.9,COc1cc(Nc2nccc(n2)N(C)c3cc(CO)ccc3C)cc(c1)N4CCOCC4,1,1,[0 0 0 ... 0 0 0],15
487,487,CHEMBL1762537,4.2,CN(c1ccnc(Nc2cc(cc(c2)N3CCOCC3)N4CCCCC4)n1)c5cc(CO)ccc5C,1,1,[0 0 1 ... 0 0 0],15
529,529,CHEMBL1762541,3.0,CN(c1ccnc(Nc2cc(CN3CCOCC3)cc(c2)N4CCOCC4)n1)c5cc(CO)ccc5C,1,1,[0 0 0 ... 0 0 0],15
569,569,CHEMBL1762539,2.61,CN(c1ccnc(Nc2cc(cc(c2)N3CCN(C)CC3)N4CCOCC4)n1)c5cc(CO)ccc5C,1,1,[0 0 0 ... 0 0 0],15
887,887,CHEMBL1762521,3.47,CN(c1ccccc1)c2ccnc(Nc3cc(cc(c3)N4CCOCC4)N5CCOCC5)n2,1,1,[0 0 0 ... 0 0 0],15
925,925,CHEMBL1762536,3.8,CN(c1ccnc(Nc2cc(cc(c2)N3CCOCC3)N4CCCC4)n1)c5cc(CO)ccc5C,1,1,[0 0 0 ... 0 0 0],15
1482,1482,CHEMBL1762546,2.9,CN(c1ccnc(Nc2cc(cc(c2)S(=O)(=O)C)N3CCOCC3)n1)c4cc(CO)ccc4C,1,1,[0 0 0 ... 0 0 0],15
1619,1619,CHEMBL1762533,2.23,COc1ccnc(c1)N(C)c2ccnc(Nc3cc(cc(c3)N4CCOCC4)N5CCOCC5)n2,1,1,[0 0 0 ... 0 0 0],15
1649,1649,CHEMBL1762527,3.18,COc1ccc(C)c(c1)N(C)c2ccnc(Nc3cc(cc(c3)N4CCOCC4)N5CCOCC5)n2,1,1,[0 0 0 ... 0 0 0],15
1652,1652,CHEMBL1762530,2.94,CN(c1ccnc(Nc2cc(cc(c2)N3CCOCC3)N4CCOCC4)n1)c5cc(CO)ccc5C,1,1,[0 0 0 ... 0 0 0],15
1687,1687,CHEMBL1762529,3.0,COc1cc(CO)cc(c1)N(C)c2ccnc(Nc3cc(cc(c3)N4CCOCC4)N5CCOCC5)n2,1,1,[0 0 0 ... 0 0 0],15
2248,2248,CHEMBL1762528,2.6,CN(c1cccc(CO)c1)c2ccnc(Nc3cc(cc(c3)N4CCOCC4)N5CCOCC5)n2,1,1,[0 0 0 ... 0 0 0],15
2348,2348,CHEMBL1762548,3.9,CC(C)N(c1ccnc(Nc2cc(cc(c2)N3CCOCC3)N4CCOCC4)n1)c5cc(CO)ccc5C,1,1,[0 1 0 ... 0 0 0],15
2380,2380,CHEMBL1762543,3.7,CN(c1ccnc(Nc2cc(OC3CCOCC3)cc(c2)N4CCOCC4)n1)c5cc(CO)ccc5C,1,1,[0 0 0 ... 0 0 0],15
2479,2479,CHEMBL1762550,3.44,CN(c1ccnc(Nc2cc(nc(c2)N3CCOCC3)N4CCOCC4)n1)c5cc(CO)ccc5C,1,1,[0 0 0 ... 0 0 0],15
2551,2551,CHEMBL1762547,3.8,CCN(c1ccnc(Nc2cc(cc(c2)N3CCOCC3)N4CCOCC4)n1)c5cc(CO)ccc5C,1,1,[0 0 0 ... 0 0 0],15
2619,2619,CHEMBL1762534,3.37,COc1cccc(n1)N(C)c2ccnc(Nc3cc(cc(c3)N4CCOCC4)N5CCOCC5)n2,1,1,[0 0 0 ... 0 0 0],15
3586,3586,CHEMBL1762542,2.2,CN(c1ccnc(Nc2cc(cc(c2)C(=O)N3CCOCC3)N4CCOCC4)n1)c5cc(CO)ccc5C,1,1,[0 0 0 ... 0 0 0],15
3654,3654,CHEMBL1269858,3.23,CN(c1ccnc(Nc2cc(cc(c2)N3CCOCC3)N4CCOCC4)n1)c5cccc6[nH]ncc56,1,1,[0 0 0 ... 0 0 0],15
3676,3676,CHEMBL1762538,3.3,CN(c1ccnc(Nc2cc(cc(c2)N3CCOCC3)N4CCCOCC4)n1)c5cc(CO)ccc5C,1,1,[0 0 0 ... 0 0 0],15
3863,3863,CHEMBL1762544,3.3,COCCOc1cc(Nc2nccc(n2)N(C)c3cc(CO)ccc3C)cc(c1)N4CCOCC4,1,1,[0 0 0 ... 0 0 0],15
3902,3902,CHEMBL1762549,2.8,COCCN(c1ccnc(Nc2cc(cc(c2)N3CCOCC3)N4CCOCC4)n1)c5cc(CO)ccc5C,1,1,[0 0 0 ... 0 0 0],15
3936,3936,CHEMBL1762551,3.9,CN(c1ccnc(Nc2cc(nc(n2)N3CCOCC3)N4CCOCC4)n1)c5cc(CO)ccc5C,1,1,[0 0 0 ... 0 0 0],15
73,73,CHEMBL190812,2.91,C[C@H](NC(=O)c1cccnc1Oc2ccccc2)c3ccccc3,1,1,[0 1 0 ... 0 0 0],16
115,115,CHEMBL190747,3.52,COc1ccc(OC)c(CNC(=O)c2cccnc2Oc3ccccc3)c1,1,1,[0 0 0 ... 0 0 0],16
186,186,CHEMBL1471868,3.19,Fc1ccc(NC(=O)c2cccnc2Oc3ccccc3)cc1,1,1,[0 0 0 ... 0 0 0],16
1024,1024,CHEMBL188369,3.14,C[C@@H](NC(=O)c1cccnc1Oc2ccccc2)c3ccccc3,1,1,[0 1 0 ... 0 0 0],16
1369,1369,CHEMBL199237,2.7,O=C(NCc1ccccn1)c2ccc(Oc3ccccc3)cc2,1,1,[0 0 0 ... 0 0 0],16
1459,1459,CHEMBL188504,3.59,COc1ccc(Oc2ncccc2C(=O)NCc3ccccc3Cl)cc1,1,1,[0 0 0 ... 0 0 0],16
1551,1551,CHEMBL191553,3.03,CC(=O)Nc1ccc(CNc2[nH]nc3ccnc(Oc4ccccc4)c23)cc1,1,1,[0 0 0 ... 0 0 0],16
1708,1708,CHEMBL187845,3.58,Clc1ccccc1CNC(=O)c2ccccc2Oc3ccccc3,1,1,[0 0 0 ... 0 0 0],16
1722,1722,CHEMBL186995,3.68,Clc1ccccc1CNC(=O)c2cccnc2Oc3ccccc3,1,1,[0 0 0 ... 0 0 0],16
3179,3179,CHEMBL1431859,1.13,NC(=O)c1cccnc1Oc2ccccc2,1,1,[0 0 0 ... 0 0 0],16
3583,3583,CHEMBL168418,3.0,O=C(NCc1ccccc1)c2cccnc2Oc3ccccc3,1,1,[0 0 0 ... 0 0 0],16
4027,4027,CHEMBL407960,4.25,COc1ccc(OC)c(CNc2n[nH]c3ccnc(Oc4ccccc4)c23)c1,1,1,[0 0 0 ... 0 0 0],16
69,69,CHEMBL247367,2.33,Clc1cccc2cn[nH]c12,1,1,[0 0 0 ... 0 0 0],17
151,151,CHEMBL1909734,2.68,Clc1ccccc1c2cnn[nH]2,1,1,[0 0 0 ... 0 0 0],17
248,248,CHEMBL1467,-0.42,O=C1NC=Nc2[nH]ncc12,0,0,[0 0 0 ... 0 0 0],17
327,327,CHEMBL2216859,3.49,CC(C)N1CCN(Cc2oc(nc2)c3cc(cc4[nH]ncc34)c5cccc6[nH]ccc56)CC1,1,1,[0 1 1 ... 0 0 0],17
390,390,CHEMBL2325014,2.3,Nc1[nH]ncc1c2cc(Cl)ccc2Oc3cc(F)c(cc3Cl)S(=O)(=O)Nc4cscn4,1,1,[0 0 0 ... 0 0 0],17
1227,1227,CHEMBL492112,4.03,O=C(CC12CC3CC(CC(C3)C1)C2)Nc4ccc5[nH]ncc5c4,1,1,[0 0 0 ... 0 0 0],17
1316,1316,CHEMBL1571558,1.1,Nc1[nH]ncc1S(=O)(=O)c2ccccc2,1,1,[0 0 0 ... 0 0 0],17
1324,1324,CHEMBL247366,2.3,Fc1ccc2cn[nH]c2c1,1,1,[0 0 0 ... 0 0 0],17
1402,1402,CHEMBL1980161,1.7,Nc1n[nH]c2c(Cl)cccc12,1,1,[0 0 0 ... 0 0 0],17
1547,1547,CHEMBL246746,2.44,Clc1ccc2[nH]ncc2c1,1,1,[0 0 0 ... 0 0 0],17
1575,1575,CHEMBL165372,2.2,[O-][N+](=O)c1ccc2[nH]ncc2c1,1,1,[0 0 0 ... 0 0 0],17
1897,1897,CHEMBL86795,1.9,c1ccc2[nH]ncc2c1,1,1,[0 0 0 ... 0 0 0],17
2334,2334,CHEMBL246533,2.5,Clc1cccc2[nH]ncc12,1,1,[0 0 0 ... 0 0 0],17
3243,3243,CHEMBL2216839,4.01,C[C@@H]1CN(Cc2oc(nn2)c3cc(cc4[nH]ncc34)c5cccc6[nH]ccc56)C[C@H](C)O1,1,1,[0 0 1 ... 0 0 0],17
4145,4145,CHEMBL1527495,1.7,O=S(=O)(Nc1cccc2[nH]ncc12)c3cccs3,1,1,[0 0 0 ... 0 0 0],17
4150,4150,CHEMBL594707,0.52,Nc1ccc2cn[nH]c2c1,1,1,[0 0 0 ... 0 0 0],17
4197,4197,CHEMBL15932,2.1,COc1cccc2[nH]ncc12,1,1,[0 0 0 ... 0 0 0],17
13,13,CHEMBL2153181,1.95,CCCSc1ncccc1C(=O)N2CCCC2c3ccncc3,1,1,[0 0 0 ... 0 0 0],18
557,557,CHEMBL2153184,2.61,CCCSc1nc(NC[C@@H]2CC[C@H](CC2)C(=O)O)ccc1C(=O)NC3CCCCC3,1,1,[0 0 1 ... 0 0 0],18
576,576,CHEMBL2153304,2.28,CCCN(C)c1nc(ccc1C(=O)NC2CCCCC2)N3CCC[C@@H](CC(=O)O)C3,1,1,[0 0 1 ... 0 0 0],18
687,687,CHEMBL1870155,3.01,O=C(NC1CCCCC1)c2cccnc2Sc3ccccc3,1,1,[0 0 1 ... 0 0 0],18
818,818,CHEMBL2177614,0.59,CCCSc1c(cnn1c2ccc(cc2)C(=O)O)C(=O)N(C)C3CCCCC3,1,1,[0 0 1 ... 0 0 0],18
826,826,CHEMBL2153179,2.49,CCCSc1ncccc1C(=O)N(C)[C@@H]2[C@@H]3CC4C[C@H]2C[C@@](O)(C4)C3,1,1,[0 0 0 ... 0 0 0],18
863,863,CHEMBL2153173,3.24,CCCSc1ncccc1C(=O)NC2CCCCC2,1,1,[0 0 1 ... 0 0 0],18
1132,1132,CHEMBL2153188,1.72,CCCSc1nc(ccc1C(=O)NC2CCCCC2)N3CCCC(C3)C(=O)O,1,1,[0 0 1 ... 0 0 0],18
1163,1163,CHEMBL2153180,2.48,CCCSc1ncccc1C(=O)N(C)[C@H]2[C@@H]3CC4C[C@H]2C[C@@](O)(C4)C3,1,1,[0 0 0 ... 0 0 0],18
1714,1714,CHEMBL2177611,1.39,CCCSc1c(cnn1[C@@H]2CC[C@@H](CC2)C(=O)O)C(=O)NC3CCCCC3,1,1,[0 0 1 ... 0 0 0],18
1767,1767,CHEMBL2153183,2.02,CCCSc1nc(N[C@@H]2CC[C@H](CC2)C(=O)O)ccc1C(=O)NC3CCCCC3,1,1,[0 0 1 ... 0 0 0],18
1923,1923,CHEMBL2177606,1.72,OC(=O)c1ccc(cc1)n2ncc(C(=O)NC3C4CC5CC(CC3C5)C4)c2C6CCCC6,1,1,[0 0 0 ... 0 0 0],18
2006,2006,CHEMBL2153190,2.18,CCCSc1nc(ccc1C(=O)NC2CCCCC2)N3CCC[C@H](CC(=O)O)C3,1,1,[0 0 1 ... 0 0 0],18
2008,2008,CHEMBL2153187,1.36,CCCSc1nc(ccc1C(=O)NC2CCCCC2)N3CCCCC3C(=O)O,1,1,[0 0 1 ... 0 0 0],18
2326,2326,CHEMBL2158466,3.27,CCCSc1nc(NC)ccc1C(=O)N[C@@H]2C3CC4CC2C[C@@](O)(C4)C3,1,1,[0 0 0 ... 0 0 0],18
2626,2626,CHEMBL2153176,2.85,CCCSc1ncccc1C(=O)NC2CCC(F)(F)CC2,1,1,[0 0 0 ... 0 0 0],18
2662,2662,CHEMBL2153175,3.36,CCCSc1ncccc1C(=O)N(C)C2CCCCC2,1,1,[0 0 1 ... 0 0 0],18
2666,2666,CHEMBL2177110,0.7,CCCSc1c(cnn1c2cccc(c2)C(=O)O)C(=O)NC3CCCCC3,1,1,[0 0 1 ... 0 0 0],18
2784,2784,CHEMBL2158470,3.2,CCCSc1nc(ccc1C(=O)N[C@@H]2C3CC4CC2C[C@@](O)(C4)C3)N5CCOCC5,1,1,[0 0 0 ... 0 0 0],18
2799,2799,CHEMBL2153178,2.27,CCCSc1ncccc1C(=O)N[C@@H]2[C@@H]3CC4C[C@H]2C[C@@](O)(C4)C3,1,1,[0 0 0 ... 0 0 0],18
2862,2862,CHEMBL2153189,1.6,CCCSc1nc(ccc1C(=O)NC2CCCCC2)N3CCC(CC3)C(=O)O,1,1,[0 0 1 ... 0 0 0],18
3026,3026,CHEMBL2153303,2.33,CCCNc1nc(ccc1C(=O)NC2CCCCC2)N3CCC[C@@H](CC(=O)O)C3,1,1,[0 0 1 ... 0 0 0],18
3053,3053,CHEMBL2153302,2.81,CCCOc1nc(ccc1C(=O)NC2CCCCC2)N3CCC[C@@H](CC(=O)O)C3,1,1,[0 0 1 ... 0 0 0],18
3120,3120,CHEMBL2153177,1.63,CCCSc1ncccc1C(=O)N(C)C2CCOCC2,1,1,[0 0 0 ... 0 0 0],18
3486,3486,CHEMBL2177610,2.99,CCCSc1c(cnn1C)C(=O)NC2CCCCC2,1,1,[0 0 1 ... 0 0 0],18
3597,3597,CHEMBL2177605,1.33,OC(=O)c1ccc(cc1)n2ncc(C(=O)NC3C4CC5CC(CC3C5)C4)c2C6CCC6,1,1,[0 0 0 ... 0 0 0],18
3752,3752,CHEMBL2177612,1.03,CCCSc1c(cnn1[C@@H]2CC[C@H](CC2)C(=O)O)C(=O)NC3CCCCC3,1,1,[0 0 1 ... 0 0 0],18
3798,3798,CHEMBL2153185,1.79,CCCSc1nc(Oc2ccc(CC(=O)O)cc2)ccc1C(=O)NC3CCCCC3,1,1,[0 0 1 ... 0 0 0],18
4142,4142,CHEMBL2177613,0.64,CCCSc1c(cnn1c2ccc(cc2)C(=O)O)C(=O)NC3CCCCC3,1,1,[0 0 1 ... 0 0 0],18
11,11,CHEMBL578201,2.61,C[C@H](Nc1nc(Nc2cc(C)[nH]n2)c(C)nc1C#N)c3ccc(F)cn3,1,1,[0 1 0 ... 0 0 0],19
218,218,CHEMBL576068,1.73,C[C@H](Nc1cnc(C)c(Nc2cc(C)[nH]n2)n1)c3ccc(F)cn3,1,1,[0 1 0 ... 0 0 0],19
291,291,CHEMBL575448,3.16,C[C@]1(CCCN1c2nc(Nc3cc([nH]n3)C4CC4)c5cccn5n2)C(=O)Nc6ccc(F)nc6,1,1,[0 0 0 ... 0 0 0],19
823,823,CHEMBL456985,2.23,CNC(=O)C[C@H](Nc1ncc(Cl)c(Nc2cc([nH]n2)C3CC3)n1)c4ccc(F)cc4,1,1,[0 1 0 ... 0 0 0],19
1182,1182,CHEMBL2151322,2.79,CC(C)Oc1cc(n[nH]1)n2cnc3ccc(N[C@@H](CO)c4ccc(F)cn4)nc23,1,1,[0 1 0 ... 0 0 0],19
1232,1232,CHEMBL2151324,2.97,CC(C)Oc1cc(Nc2nc3c(cc2F)ncn3[C@@H](CO)c4ccc(F)cn4)n[nH]1,1,1,[0 1 0 ... 1 0 0],19
1238,1238,CHEMBL514257,3.75,OC[C@H](Nc1ncc(Cl)c(Nc2cc([nH]n2)C3CC3)n1)c4ccc(F)cc4,1,1,[0 1 0 ... 0 0 0],19
2146,2146,CHEMBL515062,2.77,CC(C)Oc1cc(Nc2nc(N[C@@H](C)c3ccc(F)cn3)nc(OC(CO)CO)c2Cl)n[nH]1,1,1,[0 1 0 ... 0 0 0],19
2193,2193,CHEMBL576257,2.51,C[C@H](Nc1nc(Nc2cc(C)[nH]n2)cnc1C#N)c3ccc(F)cn3,1,1,[0 1 0 ... 0 0 0],19
2557,2557,CHEMBL571526,2.72,C[C@@H](Oc1nc(Nc2cc(C)[nH]n2)c(C)nc1C#N)c3ccc(F)cn3,1,1,[0 1 0 ... 0 0 0],19
2652,2652,CHEMBL1774056,3.11,C[C@H](Nc1nc(Nc2cc(C)[nH]n2)c(F)cc1C#N)c3ccc(F)cn3,1,1,[0 1 0 ... 0 0 0],19
2715,2715,CHEMBL2151325,2.55,CCOc1cc(Nc2nc3c(cc2F)ncn3[C@@H](CO)c4ccc(F)cn4)n[nH]1,1,1,[0 1 0 ... 1 0 0],19
3768,3768,CHEMBL457393,3.14,C[C@H](Nc1ncc(F)c(Nc2cc([nH]n2)C3CC3)n1)c4ccc(F)cn4,1,1,[0 1 0 ... 0 0 0],19
3953,3953,CHEMBL578194,3.18,C[C@H](Nc1nc(Nc2cc([nH]n2)C3CC3)cnc1C#N)c4ccc(F)cn4,1,1,[0 1 0 ... 0 0 0],19
4013,4013,CHEMBL570192,2.86,C[C@H](Oc1nc(Nc2cc(C)[nH]n2)c(C)nc1C#N)c3ccc(F)cn3,1,1,[0 1 0 ... 0 0 0],19
4164,4164,CHEMBL2151326,2.18,COc1cc(Nc2nc3c(cc2F)ncn3[C@@H](CO)c4ccc(F)cn4)n[nH]1,1,1,[0 1 0 ... 1 0 0],19
67,67,CHEMBL299672,3.13,COc1cc2ncnc(Nc3ccc(F)c(Cl)c3)c2cc1OCCCN4CCCC4,1,1,[0 0 0 ... 0 0 0],20
94,94,CHEMBL1852688,3.7,CCN1CCN(CC1)c2ccc(Nc3cc(ncn3)N(C)C(=O)Nc4c(Cl)c(OC)cc(OC)c4Cl)cc2,1,1,[0 0 0 ... 0 0 0],20
156,156,CHEMBL1940108,3.11,COc1cccc(NC(=O)Cn2cc(Oc3ncnc4cc(OC)c(OC)cc34)cn2)c1,1,1,[0 0 0 ... 0 0 0],20
167,167,CHEMBL256576,2.82,C[C@@H](Oc1cccc2ncnc(Nc3ccc4c(cnn4Cc5ccccn5)c3)c12)C(=O)N6CCOCC6,1,1,[0 1 0 ... 0 1 0],20
169,169,CHEMBL150606,3.2,COc1cc2c(Nc3ccc(Cl)cc3F)ncnc2cc1OCCn4cncn4,1,1,[1 0 0 ... 0 0 0],20
314,314,CHEMBL426161,2.0,COc1ccc(Cl)c(Nc2ncnc3cc(OCC4CCN(C)CC4)c(OC)cc23)c1,1,1,[0 0 0 ... 0 0 0],20
331,331,CHEMBL2023802,3.29,CCOc1cc2nccc(Oc3cnc(CC(=O)Nc4n[nH]c(CC)c4C)c(OC)c3)c2cc1OC,1,1,[0 0 0 ... 0 0 0],20
334,334,CHEMBL184659,2.7,COc1cc2ncnc(Nc3cc(NC(=O)c4ccnc(c4)N5CCOCC5)ccc3C)c2cc1OCCN6CCCC6,1,1,[0 0 0 ... 0 0 0],20
357,357,CHEMBL428777,3.67,C[C@@H](Oc1cccc2ncnc(Nc3ccc(OCc4ccccn4)c(Cl)c3)c12)C(=O)N(C)C,1,1,[0 1 0 ... 0 0 0],20
368,368,CHEMBL250132,3.22,C[C@H](CN(C)C(=O)CO)Oc1cccc2ncnc(Nc3ccc(OCc4ccccn4)c(Cl)c3)c12,1,1,[0 1 0 ... 0 0 0],20
398,398,CHEMBL2023801,2.79,CCc1[nH]nc(NC(=O)Cc2ncc(Oc3ccnc4cc(OC)c(OC)cc34)cc2OC)c1C,1,1,[0 0 0 ... 0 0 0],20
446,446,CHEMBL383760,3.65,CNC(=O)[C@H]1CCCN1Cc2cc3c(Nc4cccc(Cl)c4F)ncnc3cc2OC,1,1,[0 0 0 ... 0 0 0],20
450,450,CHEMBL2110732,4.1,COc1cc2ncnc(Nc3ccc(F)c(Cl)c3)c2cc1NC(=O)\C=C\CN4CCCCC4,1,1,[0 0 1 ... 0 0 0],20
469,469,CHEMBL329672,3.9,Clc1cccc(Nc2ncnc3ccccc23)c1,1,1,[0 0 0 ... 0 0 0],20
555,555,CHEMBL201307,2.89,COc1cc2c(Nc3ncc(CC(=O)Nc4cccc(F)c4)s3)ncnc2cc1OCCCN5CCC(CO)CC5,1,1,[0 0 0 ... 0 0 0],20
593,593,CHEMBL371888,3.6,COc1cc2ncnc(Nc3ccc(OCc4ccccn4)c(C)c3)c2cc1OC,1,1,[0 0 0 ... 0 0 0],20
596,596,CHEMBL216769,2.11,COc1cc2c(Nc3cc(CC(=O)Nc4cccc(F)c4)[nH]n3)ncnc2cc1OCCCN5CCC(CO)CC5,1,1,[0 0 0 ... 0 0 0],20
609,609,CHEMBL411799,3.6,COc1cc(Nc2ncnc3cccc(O[C@H](C)C(=O)N4CCOCC4)c23)ccc1Oc5ccc(C)nc5,1,1,[0 1 0 ... 0 0 0],20
656,656,CHEMBL235851,3.3,COc1cc2ncnc(Nc3ccc(Cl)c(O)c3)c2cc1OC,1,1,[0 0 0 ... 0 0 0],20
681,681,CHEMBL219445,4.04,COc1cc2ncnc(N3CC[C@H](C3)Oc4cnc5ccccc5n4)c2cc1OC,1,1,[0 0 0 ... 0 0 0],20
697,697,CHEMBL216749,2.7,COc1cc2c(NC(=O)Nc3c(Cl)cccc3Cl)ncnc2cc1OCC4CCN(C)CC4,1,1,[0 0 0 ... 0 0 0],20
865,865,CHEMBL184271,3.19,COc1cc2ncnc(Nc3cc(NC(=O)c4ccnc(c4)N5CCOCC5)ccc3C)c2cc1OCCN6CCOCC6,1,1,[0 0 0 ... 0 0 0],20
889,889,CHEMBL91428,3.9,COc1cc2ncnc(Nc3cc4ccccc4cn3)c2cc1OC,1,1,[0 0 0 ... 0 0 0],20
949,949,CHEMBL402553,2.87,Clc1cc(Nc2ncnc3[nH]nc(OCCN4CCCC4)c23)ccc1OCc5ccccn5,1,1,[0 0 0 ... 0 0 0],20
1106,1106,CHEMBL249927,3.71,OCC(=O)N1CCC[C@@H]1COc2cccc3ncnc(Nc4ccc(OCc5ccccn5)c(Cl)c4)c23,1,1,[0 0 0 ... 0 0 0],20
1112,1112,CHEMBL187007,4.26,COc1cc2ncnc(Nc3cc(NC(=O)c4cccc(c4)N(C)C)ccc3Cl)c2cc1OC,1,1,[0 0 0 ... 0 0 0],20
1134,1134,CHEMBL517544,3.5,COc1cc2ncc(C(=O)N)c(Nc3cccc(Cl)c3)c2cc1OC,1,1,[0 0 0 ... 0 0 0],20
1303,1303,CHEMBL218677,3.1,COc1cc2ncnc(Nc3cccc(Cl)c3F)c2cc1OC4CCN(CC(=O)N)CC4,1,1,[0 0 0 ... 0 0 0],20
1336,1336,CHEMBL2333993,2.22,COc1cc2ncnc(Nc3ccncc3)c2cc1OC,1,1,[0 0 0 ... 0 0 0],20
1350,1350,CHEMBL300791,3.3,COc1cc2ncnc(Nc3ccc(F)c(Cl)c3)c2cc1OCCN4CCN(C)CC4,1,1,[0 0 0 ... 0 0 0],20
1398,1398,CHEMBL207687,3.42,COc1cc2ncnc(Nc3cccc(Cl)c3F)c2cc1CN(C)[C@@H](C)C(=O)N,1,1,[0 1 0 ... 0 0 0],20
1479,1479,CHEMBL2023117,3.42,CCn1cc(NC(=O)Cc2ccc(Oc3ccnc4cc(OC)c(OC)cc34)cc2OC)cn1,1,1,[0 0 0 ... 0 0 0],20
1526,1526,CHEMBL482000,3.22,COc1cc2ncc(C(=O)N)c(Nc3ccc(F)c(Cl)c3)c2cc1OC,1,1,[0 0 0 ... 0 0 0],20
1627,1627,CHEMBL568011,3.83,COc1cc(cc(OC)c1OC)C(=O)Nc2ccc(Cl)c(c2)c3nc4ccccc4[nH]3,1,1,[0 0 0 ... 0 0 0],20
1641,1641,CHEMBL553,3.35,COCCOc1cc2ncnc(Nc3cccc(c3)C#C)c2cc1OCCOC,1,1,[0 0 0 ... 0 0 0],20
1642,1642,CHEMBL1173655,3.7,CN(C)C\C=C\C(=O)Nc1cc2c(Nc3ccc(F)c(Cl)c3)ncnc2cc1O[C@H]4CCOC4,1,1,[0 0 0 ... 0 0 0],20
1715,1715,CHEMBL288441,3.5,COc1cc(Nc2c(cnc3cc(OCCCN4CCN(C)CC4)c(OC)cc23)C#N)c(Cl)cc1Cl,1,1,[0 0 0 ... 0 0 0],20
1790,1790,CHEMBL2023474,3.93,CCn1cc(NC(=O)Cc2ccc(Oc3ccnc4cc(F)ccc34)cc2OC)cn1,1,1,[0 0 0 ... 0 0 0],20
1813,1813,CHEMBL188167,3.35,COc1cc2ncnc(Nc3cc(NC(=O)c4ccnc(c4)N5CCOCC5)ccc3C)c2cc1OCCN6CCCCC6,1,1,[0 0 1 ... 0 0 0],20
1826,1826,CHEMBL127907,2.6,COc1cc2ncnc(Nc3cccc(O)c3)c2cc1OC,1,1,[0 0 0 ... 0 0 0],20
1881,1881,CHEMBL258313,3.56,C[C@@H](Oc1cccc2ncnc(Nc3ccc(OCc4ccccn4)c(Cl)c3)c12)C(=O)N(C)CCO,1,1,[0 1 0 ... 0 0 0],20
1986,1986,CHEMBL56802,3.5,COc1cc2ncnc(Nc3cccc(C)c3)c2cc1OC,1,1,[0 0 0 ... 0 0 0],20
1995,1995,CHEMBL215022,2.06,OC[C@H]1CCCN1CCCOc2ccc3c(Nc4cc(CC(=O)Nc5cccc(F)c5F)[nH]n4)ncnc3c2,1,1,[0 0 0 ... 0 0 0],20
2039,2039,CHEMBL94191,3.04,COc1cc2ncnc(Nc3ccccc3)c2cc1OC,1,1,[0 0 0 ... 0 0 0],20
2056,2056,CHEMBL208292,3.58,COc1cc2ncnc(Nc3cccc(Cl)c3F)c2cc1CN4CCC[C@@H]4C(=O)N,1,1,[0 0 0 ... 0 0 0],20
2132,2132,CHEMBL1907764,3.05,COc1cc2c(Nc3ccc(Br)cc3F)ncnc2cc1OC[C@@H]4CCCN(C)C4,1,1,[0 0 0 ... 0 0 0],20
2179,2179,CHEMBL387265,2.82,COc1cc2ncnc(Nc3cccc(Cl)c3F)c2cc1OC4CCN(CC4)S(=O)(=O)C,1,1,[0 0 0 ... 0 0 0],20
2238,2238,CHEMBL404327,2.81,C[C@@H](Oc1cccc2ncnc(Nc3ccc4c(cnn4Cc5cscn5)c3)c12)C(=O)N6CCOCC6,1,1,[0 1 0 ... 0 1 0],20
2247,2247,CHEMBL1907763,2.9,COc1cc2c(Nc3ccc(Cl)cc3F)ncnc2cc1OC[C@@H]4CCCN(C)C4,1,1,[0 0 0 ... 0 0 0],20
2265,2265,CHEMBL184052,3.6,COc1cc2ncnc(Nc3cc(NC(=O)c4cccc(c4)N5CCOCC5)ccc3C)c2cc1OC,1,1,[0 0 0 ... 0 0 0],20
2322,2322,CHEMBL207584,3.58,COc1cc2ncnc(Nc3cccc(Cl)c3F)c2cc1CN4CCC[C@H]4C(=O)N,1,1,[0 0 0 ... 0 0 0],20
2453,2453,CHEMBL31815,3.7,Cc1cccc(Nc2ncnc3ccc(NC(=O)C=C)cc23)c1,1,1,[0 0 0 ... 0 0 0],20
2529,2529,CHEMBL214637,2.19,CCCN(CCO)CCCOc1ccc2c(Nc3cc(CC(=O)Nc4cccc(F)c4F)[nH]n3)ncnc2c1,1,1,[0 0 0 ... 0 0 0],20
2552,2552,CHEMBL215275,2.12,CCN(CCO)CCCOc1cc2ncnc(Nc3cc(CC(=O)Nc4cccc(F)c4)[nH]n3)c2cc1OC,1,1,[0 0 0 ... 0 0 0],20
2572,2572,CHEMBL384699,3.4,COc1cc2ncnc(Nc3cc(Cl)ccc3F)c2cc1OCCCN4CCOCC4,1,1,[0 0 0 ... 0 0 0],20
2596,2596,CHEMBL481230,3.2,COc1cc2c(Nc3ccc(F)c(Cl)c3)c(cnc2cc1OCCN(C)CCO)C(=O)N,1,1,[0 0 0 ... 0 0 0],20
2642,2642,CHEMBL214798,2.72,COc1cc2ncnc(Nc3cccc(Cl)c3F)c2cc1OC4CCN(C)CC4,1,1,[0 0 0 ... 0 0 0],20
2664,2664,CHEMBL301018,3.67,COc1cc2ncnc(Nc3ccc(F)c(Cl)c3)c2cc1OC,1,1,[0 0 0 ... 0 0 0],20
2710,2710,CHEMBL224013,3.1,COc1cc2ncnc(Nc3ccc(F)cc3)c2cc1OC,1,1,[0 0 0 ... 0 0 0],20
2750,2750,CHEMBL385049,1.96,COc1cc2c(Nc3cc(CC(=O)Nc4cccc(F)c4F)[nH]n3)ncnc2cc1OCCCN5CCC[C@@H]5CO,1,1,[0 0 0 ... 0 0 0],20
2761,2761,CHEMBL291514,3.3,COc1cc2ncnc(Nc3ccc(F)c(Cl)c3)c2cc1OCCCN4CCCCC4,1,1,[0 0 1 ... 0 0 0],20
2858,2858,CHEMBL2347404,3.2,Fc1cccc(COc2ccc(Nc3ncnc4ccc(cc34)c5cccc(c5)N6CCOCC6)cc2Cl)c1,1,1,[0 0 0 ... 0 0 0],20
2868,2868,CHEMBL381724,2.7,COc1cc2c(Nc3cnc(NC(=O)c4ccccc4)nc3)ncnc2cc1OCCCN5CCOCC5,1,1,[0 0 0 ... 0 0 0],20
2876,2876,CHEMBL402507,4.14,C[C@@H](Oc1cccc2ncnc(Nc3ccc(Oc4ccc(C)nc4)c(C)c3)c12)C(=O)N5CCOCC5,1,1,[0 1 0 ... 0 0 0],20
2879,2879,CHEMBL208118,3.44,COc1cc2ncnc(Nc3cccc(Cl)c3F)c2cc1CN(C)[C@H](C)C(=O)N,1,1,[0 1 0 ... 0 0 0],20
2962,2962,CHEMBL57758,3.28,COc1cc2ncnc(Nc3ccc(F)c(Cl)c3)c2cc1OCCN4CCCC4,1,1,[0 0 0 ... 0 0 0],20
3050,3050,CHEMBL206266,2.32,COc1cc2c(Nc3ncc(NC(=O)c4ccccc4)cn3)ncnc2cc1OCCCN5CCOCC5,1,1,[0 0 0 ... 0 0 0],20
3059,3059,CHEMBL363462,3.5,COc1cc2ncnc(Nc3cc(NC(=O)c4ccnc(c4)N5CCOCC5)ccc3C)c2cc1OCCN(C(C)C)C(C)C,1,1,[0 1 0 ... 0 0 0],20
3189,3189,CHEMBL402011,2.89,C[C@@H](Oc1cccc2ncnc(Nc3ccc4c(cnn4Cc5ccccn5)c3)c12)C(=O)N(C)C,1,1,[0 1 0 ... 0 1 0],20
3217,3217,CHEMBL24137,3.4,COc1cc2c(Nc3ccc(Cl)cc3F)ncnc2cc1OCCCN4CCOCC4,1,1,[0 0 0 ... 0 0 0],20
3226,3226,CHEMBL257478,3.85,C[C@@H](Oc1cccc2ncnc(Nc3ccc(Oc4ccc(C)nc4)c(C)c3)c12)C(=O)N(C)CCO,1,1,[0 1 0 ... 0 0 0],20
3282,3282,CHEMBL214849,1.28,CCCN(CCO)CCCOc1cc2ncnc(Nc3cc(CC(=O)Nc4cccc(F)c4F)[nH]n3)c2cc1OC,1,1,[0 0 0 ... 0 0 0],20
3366,3366,CHEMBL57990,2.9,COc1cc2ncnc(Nc3ccc(F)c(Cl)c3)c2cc1OCCCN(C)C,1,1,[0 0 0 ... 0 0 0],20
3445,3445,CHEMBL403569,3.62,OCC(=O)N1CCC[C@H]1COc2cccc3ncnc(Nc4ccc(OCc5ccccn5)c(Cl)c4)c23,1,1,[0 0 0 ... 0 0 0],20
3448,3448,CHEMBL325245,3.29,COc1cc2ncnc(NCc3ccccc3)c2cc1OC,1,1,[0 0 0 ... 0 0 0],20
3482,3482,CHEMBL124660,2.6,COc1cc2c(ncnc2cc1OCCCN3CCCCC3)N4CCN(CC4)C(=O)Nc5ccc(OC(C)C)cc5,1,1,[0 1 1 ... 0 0 0],20
3527,3527,CHEMBL57759,3.26,COc1cc2ncnc(Nc3ccc(F)c(Cl)c3)c2cc1OCCN(C)C,1,1,[0 0 0 ... 0 0 0],20
3533,3533,CHEMBL214848,1.94,CCN(CCO)CCCOc1cc2ncnc(Nc3cc(CC(=O)Nc4cccc(F)c4F)[nH]n3)c2cc1OC,1,1,[0 0 0 ... 0 0 0],20
3548,3548,CHEMBL26456,1.1,COc1cc2c(Nc3ccc(Cl)cc3F)ncnc2cc1OCC4CCNCC4,1,1,[0 0 0 ... 0 0 0],20
3613,3613,CHEMBL84803,3.5,COc1cc(Nc2c(cnc3cc(OC)c(OC)cc23)C#N)cc(OC)c1,1,1,[0 0 0 ... 0 0 0],20
3616,3616,CHEMBL377772,2.64,COc1cc2ncnc(Nc3cccc(Cl)c3F)c2cc1CN4CCC[C@H]4CC(=O)N,1,1,[0 0 0 ... 0 0 0],20
3617,3617,CHEMBL93173,3.5,COc1cc2ncnc(NCc3cccc(C)c3)c2cc1OC,1,1,[0 0 0 ... 0 0 0],20
3743,3743,CHEMBL242541,2.64,Nc1ccc2ncnc(Nc3ccc(F)c(Cl)c3)c2c1,1,1,[0 0 0 ... 0 0 0],20
3859,3859,CHEMBL207130,2.16,COc1cc2ncnc(Nc3cccc(Cl)c3F)c2cc1CN(C)C4(CCN(C)CC4)C(=O)N,1,1,[0 0 0 ... 0 0 0],20
3895,3895,CHEMBL202721,3.5,COc1cc2c(Nc3ccc(NC(=O)c4ccccc4)cc3)ncnc2cc1OCCCN5CCOCC5,1,1,[0 0 0 ... 0 0 0],20
3931,3931,CHEMBL207235,3.09,CO[C@@H]1C[C@@H](N(Cc2cc3c(Nc4cccc(Cl)c4F)ncnc3cc2OC)C1)C(=O)N,1,1,[0 0 0 ... 0 0 0],20
3958,3958,CHEMBL169473,3.1,COc1cccc(Nc2ncnc3cc(OC)c(OC)cc23)c1,1,1,[0 0 0 ... 0 0 0],20
3993,3993,CHEMBL258282,2.45,CN1CCN(CCOc2n[nH]c3ncnc(Nc4ccc(OCc5ccccn5)c(Cl)c4)c23)CC1,1,1,[0 0 0 ... 0 0 0],20
4039,4039,CHEMBL436511,3.21,CN1CCC(CC1)Oc2cccc3ncnc(Nc4ccc(OCc5cnccn5)c(Cl)c4)c23,1,1,[0 0 0 ... 0 0 0],20
4065,4065,CHEMBL441083,3.21,Cc1cccc(Nc2ncnc3ccccc23)c1,1,1,[0 0 0 ... 0 0 0],20
4157,4157,CHEMBL255170,3.4,Cc1ccc(Oc2ccc(Nc3ncnc4[nH]nc(OCCN5CCC(O)CC5)c34)cc2Cl)cn1,1,1,[0 0 0 ... 0 0 0],20
4171,4171,CHEMBL216053,3.61,COc1cc2c(Nc3cc(CC(=O)Nc4cccc(F)c4F)[nH]n3)ncnc2cc1OCCCN(CCO)CC(C)C,1,1,[0 1 0 ... 0 0 0],20
4173,4173,CHEMBL1940107,2.36,COc1cc2ncnc(Oc3cnn(CC(=O)Nc4ccc(cn4)N(C)C)c3)c2cc1OC,1,1,[0 0 0 ... 0 0 0],20
43,43,CHEMBL1778648,-0.4,CCS(=O)(=O)c1ccc(c(C)c1)c2cc(ccc2O[C@H](C)C(=O)O)C(F)(F)F,1,1,[0 1 0 ... 0 0 0],21
44,44,CHEMBL1778635,-0.16,OC(=O)COc1ccc(cc1c2cc(ccc2F)C#N)C(F)(F)F,1,1,[0 0 0 ... 0 0 0],21
274,274,CHEMBL1778642,-0.75,CS(=O)(=O)c1ccc(c(Cl)c1)c2cc(Cl)ccc2OCC(=O)O,0,0,[0 0 0 ... 0 0 0],21
451,451,CHEMBL2325601,2.65,Nc1n[nH]cc1c2cc(ccc2Oc3cc(F)c(cc3Cl)S(=O)(=O)Nc4cscn4)C(F)(F)F,1,1,[0 0 0 ... 0 0 0],21
690,690,CHEMBL1778653,2.77,CCS(=O)(=O)c1ccc(c(C)c1)c2cc(ccc2OCC(=O)N)C(F)(F)F,1,1,[0 0 0 ... 0 0 0],21
700,700,CHEMBL1778633,-0.59,CN(c1ccc(c(C)c1)c2cc(ccc2OCC(=O)O)C(F)(F)F)S(=O)(=O)C,0,0,[0 0 0 ... 0 0 0],21
886,886,CHEMBL1778627,-0.81,CN(c1ccc(cc1)c2cc(ccc2OCC(=O)O)C(F)(F)F)S(=O)(=O)C,0,0,[0 0 0 ... 0 0 0],21
1100,1100,CHEMBL1778623,0.67,CCN(CC)S(=O)(=O)c1ccc(cc1)c2cc(ccc2OCC(=O)O)C(F)(F)F,1,1,[0 0 0 ... 0 0 0],21
1321,1321,CHEMBL1778647,0.62,CCS(=O)(=O)c1ccc(c2cc(Cl)ccc2OCC(=O)O)c(c1)C(F)(F)F,1,1,[0 0 0 ... 0 0 0],21
1544,1544,CHEMBL2324776,1.15,Fc1cc(Oc2ccc(cc2c3ccnnc3)C(F)(F)F)c(Cl)cc1S(=O)(=O)Nc4nncs4,1,1,[0 0 0 ... 0 0 0],21
1602,1602,CHEMBL1778629,-0.66,CCS(=O)(=O)c1cccc(c1)c2cc(ccc2OCC(=O)O)C(F)(F)F,0,0,[0 0 0 ... 0 0 0],21
1682,1682,CHEMBL1778624,0.9,OC(=O)COc1ccc(cc1c2ccc(Cl)cc2)C(F)(F)F,1,1,[0 0 0 ... 0 0 0],21
1828,1828,CHEMBL1778645,-0.65,CCS(=O)(=O)c1ccc(c(C)c1)c2cc(Cl)ccc2OCC(=O)O,0,0,[0 0 0 ... 0 0 0],21
2020,2020,CHEMBL1778628,0.05,OC(=O)COc1ccc(cc1c2cccc(c2)C#N)C(F)(F)F,1,1,[0 0 0 ... 0 0 0],21
2147,2147,CHEMBL1778644,-0.92,CCS(=O)(=O)c1ccc(c(F)c1)c2cc(Cl)ccc2OCC(=O)O,0,0,[0 0 0 ... 0 0 0],21
2311,2311,CHEMBL1778639,-0.45,CCS(=O)(=O)c1ccc(c(C)c1)c2cc(ccc2OCC(=O)O)C(F)(F)F,0,0,[0 0 0 ... 0 0 0],21
2428,2428,CHEMBL1777822,0.15,Cc1ccc(cc1c2cc(ccc2OCC(=O)O)C(F)(F)F)C#N,1,1,[0 0 0 ... 0 0 0],21
2488,2488,CHEMBL1778650,0.31,CCC(Oc1ccc(cc1c2ccc(cc2C)S(=O)(=O)CC)C(F)(F)F)C(=O)O,1,1,[0 1 0 ... 0 0 0],21
2498,2498,CHEMBL1778622,1.54,CCSc1ccc(cc1)c2cc(ccc2OCC(=O)O)C(F)(F)F,1,1,[0 0 0 ... 0 0 0],21
2665,2665,CHEMBL1778612,-0.69,OC(=O)COc1ccc(cc1c2ccccc2)[N+](=O)[O-],0,0,[0 0 0 ... 0 0 0],21
2741,2741,CHEMBL1778625,0.29,COc1ccc(cc1)c2cc(ccc2OCC(=O)O)C(F)(F)F,1,1,[0 0 0 ... 0 0 0],21
2747,2747,CHEMBL1778636,-0.25,OC(=O)COc1ccc(Cl)cc1c2cccc(c2)C#N,1,1,[0 0 0 ... 0 0 0],21
3052,3052,CHEMBL1778646,-0.43,CCS(=O)(=O)c1ccc(c(Cl)c1)c2cc(Cl)ccc2OCC(=O)O,0,0,[0 0 0 ... 0 0 0],21
3103,3103,CHEMBL1778617,-0.16,OC(=O)COc1ccc(cc1c2ccccc2)c3nccs3,1,1,[0 0 0 ... 0 0 0],21
3146,3146,CHEMBL1778637,-0.52,CS(=O)(=O)c1ccc(c(Cl)c1)c2cc(ccc2OCC(=O)O)C(F)(F)F,0,0,[0 0 0 ... 0 0 0],21
3268,3268,CHEMBL456,0.02,CCC(=C)C(=O)c1ccc(OCC(=O)O)c(Cl)c1Cl,1,1,[0 0 0 ... 0 1 0],21
3487,3487,CHEMBL1778621,-0.87,CS(=O)(=O)c1ccc(cc1)c2cc(ccc2OCC(=O)O)C(F)(F)F,0,0,[0 0 0 ... 0 0 0],21
3492,3492,CHEMBL1778618,-1.08,OC(=O)COc1ccc(cc1c2ccccc2)C#N,0,0,[0 0 0 ... 0 0 0],21
3960,3960,CHEMBL1778634,-1.17,CN(c1ccc(c(Cl)c1)c2cc(F)ccc2OCC(=O)O)S(=O)(=O)C,0,0,[0 0 0 ... 0 0 0],21
3977,3977,CHEMBL1778616,0.15,OC(=O)COc1ccc(Br)cc1c2ccccc2,1,1,[0 0 0 ... 0 0 0],21
4026,4026,CHEMBL1778652,0.76,CCS(=O)(=O)c1ccc(c(C)c1)c2cc(ccc2CCC(=O)O)C(F)(F)F,1,1,[0 0 0 ... 0 0 0],21
4062,4062,CHEMBL1778641,-0.78,CCS(=O)(=O)c1ccc(cc1)c2cc(Cl)ccc2OCC(=O)O,0,0,[0 0 0 ... 0 0 0],21
4162,4162,CHEMBL1778630,1.38,OC(=O)COc1ccc(cc1c2ccccc2c3ccccc3)C(F)(F)F,1,1,[0 0 0 ... 0 0 0],21
20,20,CHEMBL322479,2.92,CC(C)(CCCCCOCCc1ccccc1)NCCc2ccc(O)c3nc(O)sc23,1,1,[0 0 0 ... 0 0 0],22
300,300,CHEMBL322271,1.92,Oc1ccc(CCNCCCS(=O)(=O)NCCOCCc2cccc(Cl)c2)c3sc(O)nc13,1,1,[0 0 0 ... 0 1 0],22
459,459,CHEMBL421604,1.34,CS(=O)(=O)Nc1ccc(CCOCCCS(=O)(=O)CCNCCc2ccc(O)c3nc(O)sc23)cc1,1,1,[0 0 0 ... 0 0 0],22
734,734,CHEMBL326642,2.68,Oc1ccc(CCNCCS(=O)(=O)CCCOCCSc2ccccc2)c3sc(O)nc13,1,1,[0 0 0 ... 0 0 0],22
811,811,CHEMBL420857,2.86,Oc1ccc(CCNCCS(=O)(=O)CCCOCCc2oc3ccccc3c2)c4sc(O)nc14,1,1,[0 0 0 ... 0 0 0],22
1031,1031,CHEMBL109244,1.26,Oc1ccc(CCNCCCCCCNC(=O)Nc2ccccc2)c3sc(O)nc13,1,1,[0 0 0 ... 0 0 0],22
1102,1102,CHEMBL17357,0.33,NCCc1ccc(O)c2nc(O)sc12,1,1,[0 0 0 ... 0 0 0],22
1130,1130,CHEMBL109614,2.32,C[C@@H](COCCCS(=O)(=O)CCNCCc1ccc(O)c2nc(O)sc12)c3ccccc3,1,1,[0 1 0 ... 0 0 0],22
1221,1221,CHEMBL320714,2.21,Oc1ccc(CCNCCCCCCOCCc2ccccc2)c3sc(O)nc13,1,1,[0 0 0 ... 0 0 0],22
1417,1417,CHEMBL108249,1.57,Oc1ccc(CCNCCCS(=O)(=O)NCCOCCc2ccc(F)cc2)c3sc(O)nc13,1,1,[0 0 0 ... 0 1 0],22
1433,1433,CHEMBL321467,2.62,Oc1ccc(CCNCCCS(=O)(=O)NCCOCCc2cccc(c2)C(F)(F)F)c3sc(O)nc13,1,1,[0 0 0 ... 0 1 0],22
1899,1899,CHEMBL82663,2.61,Oc1ccc(CCNCCS(=O)(=O)CCCOCCc2ccccc2)c3sc(O)nc13,1,1,[0 0 0 ... 0 0 0],22
2093,2093,CHEMBL108246,2.84,Cc1ccccc1CCOCCCS(=O)(=O)CCNCCc2ccc(O)c3nc(O)sc23,1,1,[0 0 0 ... 0 0 0],22
2157,2157,CHEMBL110999,2.44,CN(CCCOCCOCCc1ccccc1)CCc2ccc(O)c3nc(O)sc23,1,1,[0 0 0 ... 0 0 0],22
2162,2162,CHEMBL111350,1.77,Oc1ccc(CCNCCCS(=O)(=O)NCCSCCc2ccccc2)c3sc(O)nc13,1,1,[0 0 0 ... 0 0 0],22
2178,2178,CHEMBL111732,2.59,CN(CCN(C)C(=O)CCOCCc1ccccc1)CCc2ccc(O)c3nc(O)sc23,1,1,[0 0 0 ... 0 0 0],22
2448,2448,CHEMBL110147,1.84,Oc1ccc(CCNCCCS(=O)(=O)NCCOCCSc2ccccc2)c3sc(O)nc13,1,1,[0 0 0 ... 0 1 0],22
2594,2594,CHEMBL320777,1.98,Oc1ccc(CCNCCS(=O)(=O)CCCOCCNc2ccccc2)c3sc(O)nc13,1,1,[0 0 0 ... 0 1 0],22
2656,2656,CHEMBL110941,2.45,Cc1cc(C)cc(CCOCCS(=O)(=O)NCCNCCc2ccc(O)c3nc(O)sc23)c1,1,1,[0 0 0 ... 0 0 0],22
2685,2685,CHEMBL322722,2.41,Cc1ccc(CCCOCCS(=O)(=O)CCCNCCc2ccc(O)c3nc(O)sc23)s1,1,1,[0 0 0 ... 0 0 0],22
2694,2694,CHEMBL324875,2.07,Cc1ccc(CCOCCNS(=O)(=O)CCCNCCc2ccc(O)c3nc(O)sc23)cc1,1,1,[0 0 0 ... 0 1 0],22
2902,2902,CHEMBL112994,2.22,Oc1ccc(CCNCCNS(=O)(=O)CCOCCCc2ccccc2)c3sc(O)nc13,1,1,[0 0 0 ... 0 0 0],22
2949,2949,CHEMBL322318,2.35,Oc1ccc(CCNCCS(=O)(=O)CCCOCCc2nccc3ccccc23)c4sc(O)nc14,1,1,[0 0 0 ... 0 0 0],22
2966,2966,CHEMBL320971,1.44,Cc1ncsc1CCOCCCS(=O)(=O)CCNCCc2ccc(O)c3nc(O)sc23,1,1,[0 0 0 ... 0 0 0],22
3075,3075,CHEMBL110855,2.45,CCN(CCCOCCOCCc1ccccc1)CCc2ccc(O)c3nc(O)sc23,1,1,[0 0 0 ... 0 0 0],22
3294,3294,CHEMBL110940,2.74,CCCN(CCCOCCOCCc1ccccc1)CCc2ccc(O)c3nc(O)sc23,1,1,[0 0 0 ... 0 0 0],22
3567,3567,CHEMBL325093,1.69,Oc1ccc(CCNCCCNS(=O)(=O)CCOCc2cccc3ccccc23)c4sc(O)nc14,1,1,[0 0 0 ... 0 0 0],22
150,150,CHEMBL1783284,3.37,COc1ccc(c(OC)n1)c2c(F)ccc3c(N)c(nnc23)C(=O)NC4CC4,1,1,[0 0 0 ... 0 0 0],23
431,431,CHEMBL1783259,3.65,COc1ccc(OC)c(c1)c2cccc3c(N)c(nnc23)C(=O)NC(C)C,1,1,[0 1 0 ... 0 0 0],23
627,627,CHEMBL1631472,1.59,Nc1c(nnc2c(c(F)ccc12)c3ncccn3)C(=O)NC4CC4,1,1,[0 0 0 ... 0 0 0],23
661,661,CHEMBL1783285,2.75,COc1cc(c(OC)nn1)c2c(F)ccc3c(N)c(nnc23)C(=O)NC4CC4,1,1,[0 0 0 ... 0 0 0],23
1237,1237,CHEMBL1631473,1.21,CC1CN(C1)C(=O)c2nnc3c(cccc3c2N)c4ncccn4,1,1,[0 0 0 ... 0 0 0],23
1508,1508,CHEMBL1783264,4.48,COc1ccc(OC)c(c1)c2cccc3c(N)c(nnc23)C(=O)NC4(C)CCC4,1,1,[0 0 0 ... 0 0 0],23
1716,1716,CHEMBL1631471,1.5,Nc1c(nnc2c(cccc12)c3ncccn3)C(=O)NC4CC4,1,1,[0 0 0 ... 0 0 0],23
1736,1736,CHEMBL1631467,2.79,CCCNC(=O)c1nnc2c(cccc2c1N)c3cncc(c3)C(=O)N4CCC4,1,1,[0 0 0 ... 0 0 0],23
1859,1859,CHEMBL1783281,3.99,CCCNC(=O)c1nnc2c(cccc2c1N)c3cc(C)ccc3OC,1,1,[0 0 0 ... 0 0 0],23
2472,2472,CHEMBL1631468,1.86,CCCNC(=O)c1nnc2c(cccc2c1N)c3ncccn3,1,1,[0 0 0 ... 0 0 0],23
2510,2510,CHEMBL1783286,3.4,COc1ncc(C)cc1c2cccc3c(N)c(nnc23)C(=O)NC4CC4,1,1,[0 0 0 ... 0 0 0],23
2808,2808,CHEMBL1783279,3.26,CCCNC(=O)c1nnc2c(cccc2c1N)c3cnc(OC)nc3OC,1,1,[0 0 0 ... 0 0 0],23
3169,3169,CHEMBL1783280,2.83,CCCNC(=O)c1nnc2c(cccc2c1N)c3cnccc3OC,1,1,[0 0 0 ... 0 0 0],23
3332,3332,CHEMBL1783275,3.77,COc1ccc(OC)c(c1)c2c(F)ccc3c(N)c(nnc23)C(=O)NC(C)C,1,1,[0 1 0 ... 0 0 0],23
3480,3480,CHEMBL1783246,3.8,CCCNC(=O)c1nnc2c(cccc2c1N)c3ccccc3,1,1,[0 0 0 ... 0 0 0],23
3717,3717,CHEMBL1783271,3.47,COc1ccc(OC)c(c1)c2c(F)ccc3c(N)c(nnc23)C(=O)NC4CC4,1,1,[0 0 0 ... 0 0 0],23
3812,3812,CHEMBL1783283,3.52,CCCNC(=O)c1nnc2c(c(F)ccc2c1N)c3ccc(OC)cc3OC,1,1,[0 0 0 ... 0 0 0],23
3937,3937,CHEMBL1631470,2.07,CCCNC(=O)c1nnc2c(c(F)ccc2c1N)c3ncccn3,1,1,[0 0 0 ... 0 0 0],23
116,116,CHEMBL1079175,2.5,NC1(CCC1)c2ccc(cc2)c3nc4C=CN5C(=O)NN=C5c4cc3c6ccccc6,1,1,[0 0 0 ... 0 0 0],24
180,180,CHEMBL2035030,2.2,NC1(CCC1)c2ccc(cc2)c3ncc4ccncc4c3c5ccccc5,1,1,[0 0 0 ... 0 0 0],24
259,259,CHEMBL2035018,3.3,NC1(CCC1)c2ccc(cc2)c3nn4cccc4cc3c5ccccc5,1,1,[0 0 0 ... 0 0 0],24
587,587,CHEMBL2035028,2.0,NC1(CCC1)c2ccc(cc2)c3ncc4ncccc4c3c5ccccc5,1,1,[0 0 0 ... 0 0 0],24
813,813,CHEMBL2035035,1.7,NC1(CCC1)c2ccc(cc2)c3c(ccn4ncnc34)c5ccccc5,1,1,[0 0 0 ... 0 0 0],24
837,837,CHEMBL2035034,1.7,NC1(CCC1)c2ccc(cc2)c3c(ncc4nccn34)c5ccccc5,1,1,[0 0 0 ... 0 0 0],24
839,839,CHEMBL2035031,1.7,NC1(CCC1)c2ccc(cc2)c3ncc4cccnc4c3c5ccccc5,1,1,[0 0 0 ... 0 0 0],24
897,897,CHEMBL2035039,1.6,NC1(CCC1)c2ccc(cc2)N3C(=O)c4ccccc4N=C3c5ccccc5,1,1,[0 0 0 ... 0 0 0],24
1200,1200,CHEMBL2035025,1.3,NC1(CCC1)c2ccc(cc2)c3ncc4nccn4c3c5ccccc5,1,1,[0 0 0 ... 0 0 0],24
1225,1225,CHEMBL2035023,0.2,NC1(CCC1)c2ccc(cc2)C3=NN4C=CC(=O)N=C4C=C3c5ccccc5,1,1,[0 0 0 ... 0 0 0],24
1510,1510,CHEMBL2035022,2.0,NC(=O)c1ccn2c(c3ccccc3)c(nc2c1)c4ccc(cc4)C5(N)CCC5,1,1,[0 0 0 ... 0 0 0],24
1533,1533,CHEMBL2035024,2.5,NC1(CCC1)c2ccc(cc2)c3ncc4cccn4c3c5ccccc5,1,1,[0 0 0 ... 1 0 0],24
1606,1606,CHEMBL2035020,3.2,NC1(CCC1)c2ccc(cc2)c3nn4ccccc4c3c5ccccc5,1,1,[0 0 0 ... 0 0 0],24
2354,2354,CHEMBL2035029,2.2,NC1(CCC1)c2ccc(cc2)c3ncc4cnccc4c3c5ccccc5,1,1,[0 0 0 ... 0 0 0],24
2370,2370,CHEMBL2035032,2.9,NC1(CCC1)c2ccc(cc2)c3c(ccc4ccnn34)c5ccccc5,1,1,[0 0 0 ... 0 0 0],24
2377,2377,CHEMBL2035040,1.3,NC(=O)c1cnc(c2ccc(cc2)C3(N)CCC3)c(c1)c4ccccc4,1,1,[0 0 0 ... 0 0 0],24
2948,2948,CHEMBL2035033,2.0,NC1(CCC1)c2ccc(cc2)c3c(ccn4ccnc34)c5ccccc5,1,1,[0 0 0 ... 0 0 0],24
3005,3005,CHEMBL2035026,2.0,CCn1cnc2cnc(c3ccc(cc3)C4(N)CCC4)c(c5ccccc5)c12,1,1,[0 0 0 ... 0 0 0],24
3391,3391,CHEMBL2035021,2.8,NC1(CCC1)c2ccc(cc2)c3nc4ccccn4c3c5ccccc5,1,1,[0 0 0 ... 0 0 0],24
3461,3461,CHEMBL2035027,3.6,NC1(CCC1)c2ccc(cc2)c3ncc4ccccc4c3c5ccccc5,1,1,[0 0 0 ... 0 0 0],24
3596,3596,CHEMBL2035017,3.6,NC1(CCC1)c2ccc(cc2)c3nc4ccccc4cc3c5ccccc5,1,1,[0 0 0 ... 0 0 0],24
3955,3955,CHEMBL2035038,1.5,NC1(CCC1)c2ccc(cc2)C3=Nc4ccccc4C(=O)N3c5ccccc5,1,1,[0 0 0 ... 0 0 0],24
4015,4015,CHEMBL2035037,2.5,Cn1cnc2c(c3ccc(cc3)C4(N)CCC4)c(ccc12)c5ccccc5,1,1,[0 0 0 ... 0 0 0],24
177,177,CHEMBL2335898,3.34,C[C@@H](NC(=O)C1CCCCN1C)c2ccc(Nc3ncc4cc(ccc4n3)c5ccncc5)cc2,1,1,[0 1 0 ... 0 0 0],25
203,203,CHEMBL2335897,2.15,C[C@@H](NC(=O)[C@H]1CCCCN1)c2ccc(Nc3ncc4cc(ccc4n3)c5ccncc5)cc2,1,1,[0 1 0 ... 0 0 0],25
522,522,CHEMBL2335905,3.02,C[C@@H](NC1=CC(=O)NCC1)c2ccc(Nc3ncc4cc(ccc4n3)c5ccncc5)cc2,1,1,[0 1 0 ... 0 0 0],25
594,594,CHEMBL2335893,3.08,COCCC(=O)N[C@H](C)c1ccc(Nc2ncc3cc(ccc3n2)c4ccncc4)cc1,1,1,[0 1 0 ... 0 0 0],25
739,739,CHEMBL2335911,3.45,C[C@@H](NC(=O)C)c1ccc(Nc2ncc3cc(c(C)cc3n2)c4ccncc4)cc1,1,1,[0 1 0 ... 0 0 0],25
848,848,CHEMBL2335912,3.46,C[C@@H](NC(=O)C)c1ccc(Nc2ncc3cc(cc(C)c3n2)c4ccncc4)cc1,1,1,[0 1 0 ... 0 0 0],25
862,862,CHEMBL2335904,3.2,C[C@@H](NC1=CC(=O)CC1)c2ccc(Nc3ncc4cc(ccc4n3)c5ccncc5)cc2,1,1,[0 1 0 ... 0 0 0],25
1446,1446,CHEMBL2335892,2.98,COCCC(=O)NC(C)c1ccc(Nc2ncc3cc(ccc3n2)c4ccncc4)cc1,1,1,[0 1 0 ... 0 0 0],25
2044,2044,CHEMBL2335896,3.18,C[C@@H](NC(=O)C)c1ccc(Nc2ncc3cc(ccc3n2)c4ccncc4)cc1,1,1,[0 1 0 ... 0 0 0],25
2301,2301,CHEMBL2335908,3.11,COc1cc2nc(Nc3ccc(cc3)[C@@H](C)NC(=O)C)ncc2cc1c4ccncc4,1,1,[0 1 0 ... 0 0 0],25
2425,2425,CHEMBL2335894,3.05,COCCC(=O)N[C@@H](C)c1ccc(Nc2ncc3cc(ccc3n2)c4ccncc4)cc1,1,1,[0 1 0 ... 0 0 0],25
3102,3102,CHEMBL2335504,3.17,C[C@H](NC(=O)C)c1ccc(Nc2ncc3cc(ccc3n2)c4ccncc4)cc1,1,1,[0 1 0 ... 0 0 0],25
3334,3334,CHEMBL2335895,3.1,CC(NC(=O)C)c1ccc(Nc2ncc3cc(ccc3n2)c4ccncc4)cc1,1,1,[0 1 0 ... 0 0 0],25
3563,3563,CHEMBL2335903,3.17,C[C@@H](NC1=CC(=O)CCC1)c2ccc(Nc3ncc4cc(ccc4n3)c5ccncc5)cc2,1,1,[0 1 0 ... 0 0 0],25
3590,3590,CHEMBL2335907,2.73,COc1cc(cc2cnc(Nc3ccc(cc3)[C@@H](C)NC(=O)C)nc12)c4ccncc4,1,1,[0 1 0 ... 0 0 0],25
3664,3664,CHEMBL2335906,2.49,C[C@@H](NC1=CC(=O)CNC1)c2ccc(Nc3ncc4cc(ccc4n3)c5ccncc5)cc2,1,1,[0 1 0 ... 0 0 0],25
4050,4050,CHEMBL2335901,0.4,C[C@@H](NC(=O)C1CCNCC1)c2ccc(Nc3ncc4cc(ccc4n3)c5ccncc5)cc2,1,1,[0 1 0 ... 0 0 0],25
4114,4114,CHEMBL2335900,1.69,C[C@@H](NC(=O)[C@H]1CCCNC1)c2ccc(Nc3ncc4cc(ccc4n3)c5ccncc5)cc2,1,1,[0 1 0 ... 0 0 0],25
604,604,CHEMBL214376,3.1,CC(C)Oc1cc(OCCCN2CCCC2)cc3ncnc(Nc4c(Cl)ccc5OCOc45)c13,1,1,[0 1 0 ... 0 0 0],29
1125,1125,CHEMBL385240,3.6,COc1ccc(Cl)c(Nc2ncnc3cc(OC)cc(OC4CCN(C)CC4)c23)c1,1,1,[0 0 0 ... 0 0 0],29
1412,1412,CHEMBL214665,2.98,COc1cc(OC2CCN(C)CC2)c3c(Nc4c(Cl)ccc5OCOc45)ncnc3c1,1,1,[0 0 0 ... 0 0 0],29
1721,1721,CHEMBL170984,1.83,COc1cc2c(Nc3c(Cl)ccc4OCOc34)ncnc2cc1OCC5CCN(C)CC5,1,1,[0 0 0 ... 0 0 0],29
2107,2107,CHEMBL436968,3.68,CC(C)Oc1cc(OCCN2CCOCC2)cc3ncnc(Nc4c(Cl)ccc5OCOc45)c13,1,1,[0 1 0 ... 0 0 0],29
2807,2807,CHEMBL403672,3.01,COc1cc(Nc2ncnc(Nc3c(Cl)ccc4OCOc34)n2)cc(OC)c1OC,1,1,[0 0 0 ... 0 0 0],29
3272,3272,CHEMBL253741,3.07,COc1cc(Nc2cc(Nc3c(Cl)ccc4OCOc34)ncn2)cc(OC)c1OC,1,1,[0 0 0 ... 0 0 0],29
3299,3299,CHEMBL385723,1.62,COc1cc2c(Nc3c(Cl)ccc4OCOc34)ncnc2cc1OCCCN5CCCC5,1,1,[0 0 0 ... 0 0 0],29
3447,3447,CHEMBL216105,2.59,CN1CCC(COc2cc(OC3CCOCC3)c4c(Nc5c(Cl)ccc6OCOc56)ncnc4c2)CC1,1,1,[0 0 0 ... 0 0 0],29
3778,3778,CHEMBL385563,2.6,Clc1ccc2OCOc2c1Nc3ncnc4cc(OCCN5CCCC5)cc(OC6CCOCC6)c34,1,1,[0 0 0 ... 0 0 0],29
3890,3890,CHEMBL384260,3.02,COc1cc(OC2CCN(C)CC2)c3c(Nc4cccc5OCOc45)ncnc3c1,1,1,[0 0 0 ... 0 0 0],29
3909,3909,CHEMBL386996,3.06,CC(C)Oc1cc(OCCN2CCN(CC2)C(=O)C)cc3ncnc(Nc4c(F)ccc5OCOc45)c13,1,1,[0 1 0 ... 0 0 0],29
4008,4008,CHEMBL217090,2.3,Clc1ccc2OCOc2c1Nc3ncnc4cc(OCCCN5CCCC5)cc(OC6CCOCC6)c34,1,1,[0 0 0 ... 0 0 0],29
4034,4034,CHEMBL262721,2.26,COc1cc(OC2CCN(C)CC2)c3c(Nc4cccc5OCCOc45)ncnc3c1,1,1,[0 0 0 ... 0 0 0],29
4172,4172,CHEMBL169186,2.05,COc1cc2c(Nc3c(Cl)ccc4OCOc34)ncnc2cc1OCCCN5CCCCC5,1,1,[0 0 1 ... 0 0 0],29
320,320,CHEMBL1809229,3.2,COc1cc(ccc1Nc2ncc(Cl)c(n2)c3cnc4c(F)cc(F)cn34)N5CCN(CC5)C(=O)C,1,1,[0 0 0 ... 0 0 0],33
421,421,CHEMBL1809198,3.5,COc1cc(ccc1Nc2ncc(Cl)c(n2)c3cnc4c(F)cccn34)N5CCN(CC5)C(=O)C,1,1,[0 0 0 ... 0 0 0],33
817,817,CHEMBL1809200,3.5,COc1cc(ccc1Nc2ncc(Cl)c(n2)c3cnc4c(OC)cccn34)N5CCN(CC5)C(=O)C,1,1,[0 0 0 ... 0 0 0],33
2062,2062,CHEMBL1809199,3.2,COc1cc(ccc1Nc2ncc(Cl)c(n2)c3cnc4c(C)cccn34)N5CCN(CC5)C(=O)C,1,1,[0 0 0 ... 0 0 0],33
3035,3035,CHEMBL1809202,3.1,COc1cc(ccc1Nc2ncc(Cl)c(n2)c3cnc4c(CO)cccn34)N5CCN(CC5)C(=O)C,1,1,[0 0 0 ... 0 0 0],33
3418,3418,CHEMBL1809201,3.4,COc1cc(ccc1Nc2ncc(Cl)c(n2)c3cnc4c(N)cccn34)N5CCN(CC5)C(=O)C,1,1,[0 0 0 ... 0 0 0],33
1245,1245,CHEMBL1489473,3.62,O=C(Nc1nc(cs1)c2ccccc2)c3cccnc3,1,1,[0 0 0 ... 0 0 0],36
2743,2743,CHEMBL92172,2.25,O=C(Nc1nccs1)c2cccnc2,1,1,[0 0 0 ... 0 0 0],36
1621,1621,CHEMBL1485846,3.42,Oc1oc(c2ccccc2)c(n1)c3ccccc3,1,1,[0 0 0 ... 0 0 0],37
2875,2875,CHEMBL1071,1.2,OC(=O)CCc1oc(c2ccccc2)c(n1)c3ccccc3,1,1,[0 0 0 ... 0 0 0],37
808,808,CHEMBL1538857,2.3,Cc1cc(Nc2ccccc2)n(CCC#N)n1,1,1,[0 0 0 ... 0 0 0],40
